Field,ID,Type (Type),default,en-us,ar-sa,cs-cz,da-dk,de-de,el-gr,es-es,fi-fi,fr-fr,he-il,hi-in,hu-hu,id-id,it-it,ja-jp,ko-kr,nb-no,nl-nl,pl-pl,pt-br,ro-ro,ru-ru,sv-se,sw-ke,th-th,tr-tr,uk-ua,vi-vn,zh-cn
Description,2,Text,"FanFolder puts your recent files on the Windows taskbar. Click the icon and your files show up as a fan-shaped menu. For a normal folder it shows the most recently modified items first. The default Recent Documents source pulls from Windows' own recent-documents history. Point it at any local folder, including folders synced with OneDrive, Dropbox, or Google Drive. Open a file with one click, drag it into another app, or right-click for the standard Windows shell context menu. Pick from five animation styles: Fan, Glide, Spring, Fade, or None. You can set the folder, sort order, number of items, filename filter, folder visibility, and whether file extensions show. It is built with Win32 and C++. Settings are per user. No account, no network, no admin rights to install. FanFolder is free for personal and commercial use. It runs on Windows 10 version 2004 or later and Windows 11, on both x64 and ARM64.","FanFolder puts your recent files on the Windows taskbar. Click the icon and your files show up as a fan-shaped menu. For a normal folder it shows the most recently modified items first. The default Recent Documents source pulls from Windows' own recent-documents history. Point it at any local folder, including folders synced with OneDrive, Dropbox, or Google Drive. Open a file with one click, drag it into another app, or right-click for the standard Windows shell context menu. Pick from five animation styles: Fan, Glide, Spring, Fade, or None. You can set the folder, sort order, number of items, filename filter, folder visibility, and whether file extensions show. It is built with Win32 and C++. Settings are per user. No account, no network, no admin rights to install. FanFolder is free for personal and commercial use. It runs on Windows 10 version 2004 or later and Windows 11, on both x64 and ARM64.",يضع FanFolder أحدث ملفاتك على شريط مهام Windows. انقر على الرمز وستظهر ملفاتك كقائمة على شكل مروحة. للمجلد العادي، يعرض العناصر المعدلة مؤخراً أولاً. المصدر الافتراضي المستندات الأخيرة يسحب من سجل المستندات الأخيرة الخاص بـ Windows. أشر إلى أي مجلد محلي، بما في ذلك المجلدات المتزامنة مع OneDrive أو Dropbox أو Google Drive. افتح ملفاً بنقرة واحدة، أو اسحبه إلى تطبيق آخر، أو انقر بزر الماوس الأيمن لقائمة السياق القياسية في Windows. اختر من خمسة أنماط للرسوم المتحركة: مروحة، انزلاق، زنبرك، تلاشٍ أو لا شيء. يمكنك تعيين المجلد، ترتيب الفرز، عدد العناصر، فلتر اسم الملف، ظهور المجلد، وما إذا كانت امتدادات الملفات تظهر. مبني بـ Win32 و C++. الإعدادات لكل مستخدم. لا حساب، لا شبكة، لا حقوق مسؤول للتثبيت. FanFolder مجاني للاستخدام الشخصي والتجاري. يعمل على Windows 10 إصدار 2004 أو أحدث و Windows 11، على x64 و ARM64.,"FanFolder umisťuje vaše nedávné soubory na panel úloh Windows. Klikněte na ikonu a vaše soubory se zobrazí jako menu ve tvaru vějíře. Pro běžnou složku se nejprve zobrazují nedávno změněné položky. Výchozí zdroj Nedávné dokumenty čerpá z vlastní historie nedávných dokumentů Windows. Namiřte na jakoukoliv místní složku, včetně složek synchronizovaných s OneDrive, Dropbox nebo Google Drive. Otevřete soubor jedním kliknutím, přetáhněte ho do jiné aplikace, nebo klikněte pravým tlačítkem pro standardní kontextové menu Windows. Vyberte z pěti stylů animace: Vějíř, Klouzání, Pružina, Blednutí nebo Žádné. Můžete nastavit složku, řazení, počet položek, filtr názvů souborů, viditelnost složek a zobrazení přípon souborů. Je postaveno na Win32 a C++. Nastavení jsou pro uživatele. Bez účtu, bez sítě, bez práv administrátora pro instalaci. FanFolder je zdarma pro osobní a komerční použití. Běží na Windows 10 verze 2004 nebo novější a Windows 11, na x64 a ARM64.","FanFolder placerer dine seneste filer på Windows-proceslinjen. Klik på ikonet, og dine filer vises som en vifteformet menu. For en almindelig mappe vises de senest ændrede elementer først. Standardkilden Seneste dokumenter henter fra Windows' egen historik over seneste dokumenter. Peg på en hvilken som helst lokal mappe, inklusiv mapper synkroniseret med OneDrive, Dropbox eller Google Drive. Åbn en fil med et klik, træk den over i et andet program, eller højreklik for Windows' standardkontekstmenu. Vælg mellem fem animationsstilarter: Vifte, Gli, Fjeder, Tone ind eller Ingen. Du kan indstille mappen, sorteringsrækkefølge, antal elementer, filnavnsfilter, mappevisning og om filtypenavne vises. Den er bygget med Win32 og C++. Indstillinger er pr. bruger. Ingen konto, intet netværk, ingen administratorrettigheder til installation. FanFolder er gratis til personligt og kommercielt brug. Den kører på Windows 10 version 2004 eller nyere og Windows 11, på både x64 og ARM64.","FanFolder legt Ihre zuletzt verwendeten Dateien auf die Windows-Taskleiste. Klicken Sie auf das Symbol und Ihre Dateien erscheinen als fächerförmiges Menü. Für einen normalen Ordner werden die zuletzt geänderten Elemente zuerst angezeigt. Die Standardquelle Zuletzt verwendete Dokumente greift auf die eigene Verlaufsliste von Windows zurück. Zeigen Sie auf einen beliebigen lokalen Ordner, auch auf mit OneDrive, Dropbox oder Google Drive synchronisierte Ordner. Öffnen Sie eine Datei mit einem Klick, ziehen Sie sie in eine andere App, oder klicken Sie mit der rechten Maustaste für das Standard-Kontextmenü von Windows. Wählen Sie aus fünf Animationsstilen: Fächer, Gleiten, Feder, Einblenden oder Keine. Sie können Ordner, Sortierreihenfolge, Anzahl der Elemente, Dateinamenfilter, Ordnersichtbarkeit und Dateierweiterungsanzeige festlegen. Es ist mit Win32 und C++ geschrieben. Einstellungen gelten pro Benutzer. Kein Konto, kein Netzwerk, keine Administratorrechte für die Installation. FanFolder ist kostenlos für persönliche und kommerzielle Nutzung. Es läuft auf Windows 10 Version 2004 oder neuer und Windows 11, sowohl x64 als auch ARM64.","Το FanFolder τοποθετεί τα πρόσφατα αρχεία σας στη γραμμή εργασιών του Windows. Κάντε κλικ στο εικονίδιο και τα αρχεία σας εμφανίζονται ως ένα μενού σε σχήμα βεντάνιας. Για έναν κανονικό φάκελο, εμφανίζει πρώτα τα πρόσφατα τροποποιημένα στοιχεία. Η προεπιλεγμένη πηγή Πρόσφατα έγγραφα αντλεί από το δικό του ιστορικό πρόσφατων εγγράφων του Windows. Δείξτε σε οποιονδήποτε τοπικό φάκελο, συμπεριλαμβανομένων των φακελών συγχρονισμένων με OneDrive, Dropbox ή Google Drive. Ανοίξτε ένα αρχείο με ένα κλικ, σύρετέ το σε άλλη εφαρμογή, ή κάντε δεξί κλικ για το τυπικό μενού συντομεύσεων του Windows. Επιλέξτε από πέντε στυλ κίνησης: Βεντάνια, Ολίσθηση, Ελατήριο, Ξεθώριασμα ή Κανένα. Μπορείτε να ορίσετε τον φάκελο, τη σειρά ταξινόμησης, τον αριθμό των στοιχείων, το φίλτρο ονομασιών αρχείων, την ορατότητα φακέλων και αν εμφανίζονται οι επεκτάσεις αρχείων. Είναι χτισμένο με Win32 και C++. Οι ρυθμίσεις είναι ανά χρήστη. Χωρίς λογαριασμό, χωρίς δίκτυο, χωρίς δικαιώματα διαχειριστή για εγκατάσταση. Το FanFolder είναι δωρεάν για προσωπική και επαγγελματική χρήση. Τρέχει σε Windows 10 έκδοση 2004 ή μεταγενέστερη και Windows 11, σε x64 και ARM64.","FanFolder pone tus archivos recientes en la barra de tareas de Windows. Haz clic en el icono y tus archivos aparecen como un menú en forma de abanico. Para una carpeta normal, muestra primero los elementos modificados más recientemente. La fuente predeterminada Documentos recientes obtiene del propio historial de documentos recientes de Windows. Apunta a cualquier carpeta local, incluidas las carpetas sincronizadas con OneDrive, Dropbox o Google Drive. Abre un archivo con un clic, arrástralo a otra aplicación, o haz clic derecho para el menú contextual estándar de Windows. Elige entre cinco estilos de animación: Abanico, Deslizamiento, Resorte, Desvanecimiento o Ninguno. Puedes configurar la carpeta, el orden, el número de elementos, el filtro de nombres de archivo, la visibilidad de carpetas y si se muestran las extensiones. Está construido con Win32 y C++. La configuración es por usuario. Sin cuenta, sin red, sin permisos de administrador para instalar. FanFolder es gratis para uso personal y comercial. Funciona en Windows 10 versión 2004 o posterior y Windows 11, tanto x64 como ARM64.","FanFolder asettaa viimeisimmät tiedostosi Windowsin tehtäväpalkkiin. Napsauta kuvaketta ja tiedostosi näkyvät tuulimusmaisena valikkona. Normaalille kansiolle se näyttää viimeisimmät muokatut kohteet ensin. Oletuslähde Viimeisimmät asiakirjat hakee Windowsin omasta viimeisimpien asiakirjojen historiasta. Osoita mihin tahansa paikalliseen kansioon, mukana OneDriven, Dropboxin tai Google Driven synkronoidut kansiot. Avaa tiedosto yhdellä napsautuksella, raahaa se toiseen sovellukseen tai napsauta hiiren kakkospainikkeella Windowsin vakiokäyttövalikkoa varten. Valitse viidestä animaatiotyylistä: Tuuliviivi, Liukuminen, Jousi, Häivytys tai Ei mitään. Voit asettaa kansion, lajittelujärjestyksen, kohteiden määrän, tiedostonimisuodattimen, kansioiden näkyvyyden ja näytetäänkö tiedostopäätteet. Se on rakennettu Win32:lla ja C++:lla. Asetukset ovat käyttäjäkohtaisia. Ei tiliä, ei verkkoa, ei järjestelmänvalvojan oikeuksia asennukseen. FanFolder on ilmainen henkilökohtaiseen ja kaupalliseen käyttöön. Se toimii Windows 10 versiossa 2004 tai uudemmassa ja Windows 11:ssä, x64- ja ARM64-alustoilla.","FanFolder place vos fichiers récents sur la barre des tâches Windows. Cliquez sur l'icône et vos fichiers apparaissent sous forme de menu en éventail. Pour un dossier normal, il affiche les éléments modifiés le plus récemment en premier. La source par défaut Documents récents puise dans l'historique des documents récents de Windows. Pointez vers un dossier local, y compris les dossiers synchronisés avec OneDrive, Dropbox ou Google Drive. Ouvrez un fichier d'un clic, faites-le glisser dans une autre application, ou cliquez avec le bouton droit pour le menu contextuel standard de Windows. Choisissez parmi cinq styles d'animation: Éventail, Glissement, Ressort, Fondu ou Aucun. Vous pouvez définir le dossier, l'ordre de tri, le nombre d'éléments, le filtre de nom de fichier, la visibilité des dossiers et l'affichage des extensions. Il est construit avec Win32 et C++. Les paramètres sont par utilisateur. Pas de compte, pas de réseau, pas de droits d'administrateur pour l'installation. FanFolder est gratuit pour un usage personnel et commercial. Il fonctionne sur Windows 10 version 2004 ou ultérieure et Windows 11, sur x64 et ARM64.","FanFolder מציב את הקבצים האחרונים שלך על שורת המשימות של Windows. לחץ על הסמל והקבצים שלך מופיעים כתפריט בצורת מניפה. עבור תיקייה רגילה, הוא מציג קודם את הפריטים שעודכנו לאחרונה. מקור ברירת המחדל מסמכים אחרונים שולף מהיסטוריית המסמכים האחרונים של Windows עצמה. הצבע על כל תיקייה מקומית, כולל תיקיות מסונכרנות עם OneDrive, Dropbox או Google Drive. פתח קובץ בלחיצה אחת, גרור אותו ליישום אחר, או לחץ בלחצן ימני לתפריט ההקשר הסטנדרטי של Windows. בחר מחמישה סגנונות אנימציה: מניפה, החלקה, קפיץ, דהייה או ללא. אתה יכול להגדיר את התיקייה, סדר המיון, מספר הפריטים, מסנן שמות קבצים, נראות תיקיות, והאם סיומות קבצים מוצגות. זה בנוי עם Win32 ו- C++. הגדרות הן לכל משתמש. אין חשבון, אין רשת, אין הרשאות מנהל להתקנה. FanFolder הוא חינמי לשימוש אישי ומסחרי. הוא פועל על Windows 10 גרסה 2004 ואילך ו- Windows 11, על x64 ו- ARM64.","FanFolder आपकी हाल की फ़ाइलों को Windows टास्कबार पर रखता है। आइकन पर क्लिक करें और आपकी फ़ाइलें पंखे के आकार के मेन्यू के रूप में दिखाई देंगी। सामान्य फ़ोल्डर के लिए यह सबसे हाल में संशोधित आइटम पहले दिखाता है। डिफ़ॉल्ट हाल के दस्तावेज़ स्रोत Windows के अपने हाल के दस्तावेज़ इतिहास से लेता है। किसी भी स्थानीय फ़ोल्डर की ओर इशारा करें, जिसमें OneDrive, Dropbox या Google Drive के साथ सिंक किए गए फ़ोल्डर शामिल हैं। एक क्लिक में फ़ाइल खोलें, इसे किसी अन्य ऐप में खींचें, या Windows के मानक कॉन्टेक्स्ट मेन्यू के लिए राइट-क्लिक करें। पाँच एनिमेशन शैलियों में से चुनें: पंखा, ग्लाइड, स्प्रिंग, फेड या कोई नहीं। आप फ़ोल्डर, सॉर्ट क्रम, आइटम संख्या, फ़ाइलनाम फ़िल्टर, फ़ोल्डर दृश्यता, और फ़ाइल एक्सटेंशन दिखाना सेट कर सकते हैं। यह Win32 और C++ से बना है। सेटिंग्स प्रति उपयोगकर्ता हैं। कोई खाता नहीं, कोई नेटवर्क नहीं, इंस्टॉल करने के लिए कोई एडमिन अधिकार नहीं। FanFolder व्यक्तिगत और व्यावसायिक उपयोग के लिए निःशुल्क है। यह Windows 10 संस्करण 2004 या बाद के संस्करण और Windows 11 पर, x64 और ARM64 दोनों पर चलता है।","FanFolder a legutóbbi fájljait a Windows feladatsávra teszi. Kattintson az ikonra, és a fájljai legyező alakú menüben jelennek meg. Egy normális mappánál először a legutóbb módosított elemeket mutatja. Az alapértelmezett Legutóbbi dokumentumok forrás a Windows saját legutóbbi dokumentumok történetéből merít. Mutasson bármelyik helyi mappára, beleértve a OneDrive, Dropbox vagy Google Drive szinkronizált mappákat. Nyisson meg egy fájlt egy kattintással, húzza át egy másik alkalmazásba, vagy jobb gombbal kattintson a Windows szabványos helyi menüjéhez. Válasszon öt animációs stílus közül: Legyező, Súrlódás, Rugó, Eltűnés vagy Nincs. Beállíthatja a mappát, a rendezési sorrendet, az elemek számát, a fájlnév szűrőt, a mappák láthatóságát és a fájlkiterjesztések megjelenítését. Win32 és C++ nyelven készült. A beállítások felhasználónként érvényesülnek. Nincs fiók, nincs hálózat, nincs rendszergazdai jogosultság a telepítéshez. A FanFolder ingyenes személyes és kereskedelmi használatra. Windows 10 2004-es vagy újabb verzión és Windows 11-en működik, x64 és ARM64 rendszereken.","FanFolder menempatkan file terbaru Anda di taskbar Windows. Klik ikon dan file Anda muncul sebagai menu berbentuk kipas. Untuk folder normal, ini menampilkan item yang paling baru dimodifikasi terlebih dahulu. Sumber Dokumen terbaru default mengambil dari riwayat dokumen terbaru Windows itu sendiri. Arahkan ke folder lokal mana pun, termasuk folder yang disinkronkan dengan OneDrive, Dropbox, atau Google Drive. Buka file dengan satu klik, seret ke aplikasi lain, atau klik kanan untuk menu konteks standar Windows. Pilih dari lima gaya animasi: Kipas, Geser, Pegas, Layang, atau Tidak ada. Anda dapat mengatur folder, urutan pengurutan, jumlah item, filter nama file, visibilitas folder, dan apakah ekstensi file ditampilkan. Dibangun dengan Win32 dan C++. Pengaturan per pengguna. Tanpa akun, tanpa jaringan, tanpa hak administrator untuk pemasangan. FanFolder gratis untuk penggunaan pribadi dan komersial. Berjalan di Windows 10 versi 2004 atau yang lebih baru dan Windows 11, di x64 dan ARM64.","FanFolder mette i tuoi file recenti sulla barra delle applicazioni di Windows. Fai clic sull'icona e i tuoi file appaiono come un menu a ventaglio. Per una cartella normale mostra prima gli elementi modificati più di recente. La fonte predefinita Documenti recenti attinge dalla cronologia dei documenti recenti di Windows. Punta a qualsiasi cartella locale, incluse le cartelle sincronizzate con OneDrive, Dropbox o Google Drive. Apri un file con un clic, trascinalo in un'altra app, o fai clic con il pulsante destro per il menu contestuale standard di Windows. Scegli tra cinque stili di animazione: Ventaglio, Scorrimento, Molla, Dissolvenza o Nessuno. Puoi impostare la cartella, l'ordinamento, il numero di elementi, il filtro dei nomi file, la visibilità delle cartelle e se le estensioni dei file vengono mostrate. È costruito con Win32 e C++. Le impostazioni sono per utente. Nessun account, nessuna rete, nessun diritto di amministratore per l'installazione. FanFolder è gratuito per uso personale e commerciale. Funziona su Windows 10 versione 2004 o successiva e Windows 11, su x64 e ARM64.",FanFolder は、最近使ったファイルを Windows のタスクバーに配置します。アイコンをクリックすると、ファイルが扇形のメニューとして表示されます。通常のフォルダーでは、最も最近変更されたアイテムが最初に表示されます。デフォルトの「最近使ったドキュメント」ソースは、Windows 自身の最近使ったドキュメントの履歴から取得します。OneDrive、Dropbox、Google Drive と同期されたフォルダーを含む、任意のローカルフォルダーを指定できます。ワンクリックでファイルを開き、別のアプリにドラッグするか、右クリックして Windows の標準コンテキストメニューを表示します。5つのアニメーションスタイルから選択: 扇形、スライド、スプリング、フェード、またはなし。フォルダー、並べ替え順序、アイテム数、ファイル名フィルター、フォルダーの表示、ファイル拡張子の表示を設定できます。Win32 と C++ で構築されています。設定はユーザーごとです。アカウント不要、ネットワーク不要、管理者権限不要でインストールできます。FanFolder は個人および商用利用に無料です。Windows 10 バージョン 2004 以降および Windows 11 で、x64 と ARM64 の両方で動作します。,"FanFolder는 최근 파일을 Windows 작업 표시줄에 배치합니다. 아이콘을 클릭하면 파일이 부채꼴 메뉴로 나타납니다. 일반 폴더의 경우 가장 최근에 수정된 항목이 먼저 표시됩니다. 기본 최근 문서 소스는 Windows 자체의 최근 문서 기록에서 가져옵니다. OneDrive, Dropbox 또는 Google Drive와 동기화된 폴더를 포함한 모든 로컬 폴더를 가리킬 수 있습니다. 한 번의 클릭으로 파일을 열거나 다른 앱으로 끌어다 놓거나 마우스 오른쪽 버튼으로 Windows 표준 컨텍스트 메뉴를 사용할 수 있습니다. 다섯 가지 애니메이션 스타일 중에서 선택: 부채, 미끄러짐, 스프링, 페이드 또는 없음. 폴더, 정렬 순서, 항목 수, 파일 이름 필터, 폴더 표시, 파일 확장자 표시 여부를 설정할 수 있습니다. Win32와 C++로 제작되었습니다. 설정은 사용자별입니다. 계정 없음, 네트워크 없음, 설치 시 관리자 권한 없음. FanFolder는 개인 및 상업적 사용에 무료입니다. Windows 10 버전 2004 이상 및 Windows 11에서 x64 및 ARM64 모두에서 실행됩니다.","FanFolder legger de siste filene dine på Windows-oppgavelinjen. Klikk ikonet, og filene dine vises som en vifteformet meny. For en vanlig mappe vises de sist endrede elementene først. Standardkilden Siste dokumenter henter fra Windows egen historikk for siste dokumenter. Pek på en lokal mappe, inkludert mapper synkronisert med OneDrive, Dropbox eller Google Drive. Åpne en fil med et klikk, dra den til et annet program, eller høyreklikk for Windows' standard kontekstmeny. Velg mellom fem animasjonsstiler: Vifte, Gli, Fjær, Ton inn eller Ingen. Du kan angi mappen, sorteringsrekkefølge, antall elementer, filnavnefilter, mappevisning og om filutvidelser vises. Bygget med Win32 og C++. Innstillinger er per bruker. Ingen konto, nettverk eller administratorrettigheter for installasjon. FanFolder er gratis til personlig og kommersiell bruk. Kjører på Windows 10 versjon 2004 eller nyere og Windows 11, på både x64 og ARM64.","FanFolder plaatst uw recente bestanden op de Windows-taakbalk. Klik op het pictogram en uw bestanden verschijnen als een waaierwormig menu. Voor een normale map worden de meest recent gewijzigde items eerst getoond. De standaardbron Recente documenten haalt uit de eigen geschiedenis van Windows. Wijs naar een lokale map, inclusief mappen gesynchroniseerd met OneDrive, Dropbox of Google Drive. Open een bestand met één klik, sleep het naar een andere app, of rechtsklik voor het standaard contextmenu van Windows. Kies uit vijf animatiestijlen: Waaier, Glijden, Veer, Invallen of Geen. U kunt de map, sorteervolgorde, aantal items, bestandsnaamfilter, mapzichtbaarheid en bestandsextensie-weergave instellen. Het is gebouwd met Win32 en C++. Instellingen zijn per gebruiker. Geen account, geen netwerk, geen beheerdersrechten voor installatie. FanFolder is gratis voor persoonlijk en commercieel gebruik. Het draait op Windows 10 versie 2004 of nieuwer en Windows 11, op zowel x64 als ARM64.","FanFolder umieszcza twoje ostatnie pliki na pasku zadań Windows. Kliknij ikonę, a twoje pliki pojawią się jako menu w kształcie wachlarza. Dla zwykłego folderu najpierw wyświetla ostatnio zmodyfikowane elementy. Domyślne źródło Ostatnie dokumenty korzysta z własnej historii dokumentów Windows. Wskaż dowolny folder lokalny, włączając foldery synchronizowane z OneDrive, Dropbox lub Google Drive. Otwórz plik jednym kliknięciem, przeciągnij go do innej aplikacji lub kliknij prawym przyciskiem, aby uzyskać standardowe menu kontekstowe Windows. Wybierz spośród pięciu stylów animacji: Wachlarz, Poślizg, Sprężyna, Zanikanie lub Brak. Możesz ustawić folder, kolejność sortowania, liczbę elementów, filtr nazw plików, widoczność folderów i czy wyświetlane są rozszerzenia. Jest zbudowany w Win32 i C++. Ustawienia są na użytkownika. Bez konta, bez sieci, bez uprawnień administratora do instalacji. FanFolder jest darmowy do użytku osobistego i komercyjnego. Działa na Windows 10 wersja 2004 lub nowszej i Windows 11, na x64 i ARM64.","FanFolder coloca seus arquivos recentes na barra de tarefas do Windows. Clique no ícone e seus arquivos aparecem como um menu em forma de leque. Para uma pasta normal, mostra primeiro os itens modificados mais recentemente. A fonte padrão Documentos recentes extrai do próprio histórico de documentos recentes do Windows. Aponte para qualquer pasta local, incluindo pastas sincronizadas com OneDrive, Dropbox ou Google Drive. Abra um arquivo com um clique, arraste-o para outro aplicativo, ou clique com o botão direito para o menu de contexto padrão do Windows. Escolha entre cinco estilos de animação: Leque, Deslizar, Mola, Esmaecer ou Nenhum. Você pode definir a pasta, a ordem de classificação, o número de itens, o filtro de nomes de arquivo, a visibilidade de pastas e a exibição de extensões. É construído com Win32 e C++. As configurações são por usuário. Sem conta, sem rede, sem direitos de administrador para instalar. FanFolder é grátis para uso pessoal e comercial. Executa em Windows 10 versão 2004 ou posterior e Windows 11, em x64 e ARM64.","FanFolder pune fișierele tale recente pe bara de activități Windows. Faceți click pe pictogramă și fișierele dumneavoastră apar ca un meniu în formă de evantai. Pentru un folder normal, arată mai întâi elementele modificate cel mai recent. Sursa implicită Documente recente preia din propriul istoric de documente recente Windows. Indicați către orice folder local, inclusiv foldere sincronizate cu OneDrive, Dropbox sau Google Drive. Deschideți un fișier cu un click, trageți-l în altă aplicație, sau click dreapta pentru meniul contextual standard Windows. Alegeți din cinci stiluri de animație: Evantai, Alunecare, Arc, Estompare sau Nimic. Puteți seta folderul, ordinea de sortare, numărul de elemente, filtrul de nume de fișiere, vizibilitatea folderelor și afișarea extensiilor. Este construit cu Win32 și C++. Setările sunt per utilizator. Fără cont, fără rețea, fără drepturi de administrator pentru instalare. FanFolder este gratuit pentru uz personal și comercial. Rulează pe Windows 10 versiunea 2004 sau ulterioară și Windows 11, pe x64 și ARM64.","FanFolder помещает ваши недавние файлы на панель задач Windows. Нажмите на значок, и ваши файлы появятся в виде меню в форме веера. Для обычной папки сначала отображаются недавно измененные элементы. Источник по умолчанию Недавние документы берет из собственной истории недавних документов Windows. Укажите на любую локальную папку, включая папки, синхронизированные с OneDrive, Dropbox или Google Drive. Откройте файл одним щелчком, перетащите его в другое приложение или щелкните правой кнопкой мыши для стандартного контекстного меню Windows. Выберите из пяти стилей анимации: Веер, Скольжение, Пружина, Затухание или Нет. Вы можете настроить папку, порядок сортировки, количество элементов, фильтр имен файлов, видимость папок и отображение расширений файлов. Он построен на Win32 и C++. Настройки индивидуальны для каждого пользователя. Без учетной записи, без сети, без прав администратора для установки. FanFolder бесплатен для личного и коммерческого использования. Работает на Windows 10 версии 2004 или новее и Windows 11, на x64 и ARM64.","FanFolder lägger dina senaste filer på Windows-aktivitetsfältet. Klicka på ikonen och dina filer visas som en bladformad meny. För en vanlig mapp visas de senast ändrade objekten först. Standardkällan Senaste dokument hämtar från Windows egen historik för senaste dokument. Peka på en lokal mapp, inklusive mappar synkroniserade med OneDrive, Dropbox eller Google Drive. Öppna en fil med ett klick, dra den till ett annat program, eller högerklicka för Windows standardkontextmeny. Välj mellan fem animationsstilar: Blad, Glid, Fjäder, Tona in eller Ingen. Du kan ställa in mappen, sorteringsordning, antal objekt, filnamnsfilter, mappsynlighet och om filändelser visas. Byggd med Win32 och C++. Inställningar är per användare. Inget konto, inget nätverk, inga administratörsrättigheter för installation. FanFolder är gratis för personlig och kommersiell användning. Körs på Windows 10 version 2004 eller senare och Windows 11, på både x64 och ARM64.","FanFolder inaweka faili zako za hivi karibuni kwenye ubao wa kazi wa Windows. Bofya ikoni na faili zako zinaonekana kama menyu yenye umbo la upepo. Kwa faili ya kawaida, inaonyesha vitu vilivyobadilishwa hivi karibuni kwanza. Chanzo cha faili za hivi karibuni kinavitoka kwenye historia ya faili za hivi karibuni za Windows. Elekeza kwenye folda yoyote ya karibu, ikiwa ni pamoja na folda zilizosawazishwa na OneDrive, Dropbox, au Google Drive. Fungua faili kwa bofya moja, buruta kwenye programu nyingine, au bofya kulia kwa menyu ya muktadha ya kawaida ya Windows. Chagua kutoka mitindo mitano ya uhuishaji: Upepo, Teleza, Maji, Fifia, au Hakuna. Unaweza kuweka folda, mpangilio wa upangaji, idadi ya vitu, kichujio cha jina la faili, kuonekana kwa folda, na ikiwa nyongeza za faili zinaonyeshwa. Imejengwa kwa Win32 na C++. Mipangilio ni kwa kila mtumiaji. Hakakaunti, hakuna mtandao, hakuna haki za msimamizi kwa usakinishaji. FanFolder ni bure kwa matumizi ya binafsi na biashara. Inafanya kazi kwenye Windows 10 toleo la 2004 au jinsi na Windows 11, kwenye x64 na ARM64.","FanFolder วางไฟล์ล่าสุดของคุณบนแถบงานของ Windows คลิกที่ไอคอนและไฟล์ของคุณจะปรากฏเป็นเมนูรูปพัด สำหรับโฟลเดอร์ปกติ จะแสดงรายการที่แก้ไขล่าสุดก่อน แหล่งข้อมูลเอกสารล่าสุดเริ่มต้นดึงจากประวัติเอกสารล่าสุดของ Windows เอง ชี้ไปที่โฟลเดอร์ในเครื่องใดก็ได้ รวมถึงโฟลเดอร์ที่ซิงค์กับ OneDrive, Dropbox หรือ Google Drive เปิดไฟล์ด้วยคลิกเดียว ลากไปยังแอปอื่น หรือคลิกขวาเพื่อดูเมนูบริบทมาตรฐานของ Windows เลือกจากห้าสไตล์แอนิเมชัน: พัด, เลื่อน, สปริง, จางหาย หรือไม่มี คุณสามารถตั้งค่าโฟลเดอร์ ลำดับการจัดเรียง จำนวนรายการ ตัวกรองชื่อไฟล์ การมองเห็นโฟลเดอร์ และการแสดงนามสกุลไฟล์ สร้างด้วย Win32 และ C++ การตั้งค่าเป็นรายผู้ใช้ ไม่ต้องมีบัญชี ไม่ต้องมีเครือข่าย ไม่ต้องมีสิทธิ์ผู้ดูแลระบบในการติดตั้ง FanFolder ฟรีสำหรับการใช้งานส่วนบุคคลและเชิงพาณิชย์ ทำงานบน Windows 10 เวอร์ชัน 2004 ขึ้นไป และ Windows 11 บนทั้ง x64 และ ARM64","FanFolder en son dosyalarınızı Windows görev çubuğuna yerleştirir. Simgeye tıklayın ve dosyalarınız bir yelpaze şeklinde menü olarak görüntülenir. Normal bir klasör için en son değiştirilen öğeler önce gösterilir. Varsayılan Son belgeler kaynağı Windows'un kendi son belgeler geçmişinden alır. OneDrive, Dropbox veya Google Drive ile senkronize klasörler dahil herhangi bir yerel klasöre işaret edin. Bir dosyayı tek tıklamayla açın, başka bir uygulamaya sürükleyin veya Windows standart sağ tık menüsü için sağ tıklayın. Beş animasyon stilinden birini seçin: Yelpaze, Kayma, Yay, Solma veya Yok. Klasörü, sıralama düzenini, öğe sayısını, dosya adı filtresini, klasör görünürlüğünü ve dosya uzantılarının gösterilip gösterilmediğini ayarlayabilirsiniz. Win32 ve C++ ile oluşturulmuştur. Ayarlar kullanıcı bazlıdır. Hesap yok, ağ yok, yükleme için yönetici hakları yok. FanFolder kişisel ve ticari kullanım için ücretsizdir. Windows 10 sürüm 2004 veya sonrası ve Windows 11'de, x64 ve ARM64'te çalışır.","FanFolder розміщує ваші нещодавні файли на панелі завдань Windows. Натисніть на піктограму, і ваші файли з'являться у вигляді меню у формі війяла. Для звичайної папки спочатку показуються нещодавно змінені елементи. Джерело за замовчуванням Нещодавні документи бере з власної історії нещодавніх документів Windows. Вкажіть на будь-яку локальну папку, включаючи папки, синхронізовані з OneDrive, Dropbox або Google Drive. Відкрийте файл одним кліком, перетягніть його в іншу програму або клацніть правою кнопкою миші для стандартного контекстного меню Windows. Виберіть з п'яти стилів анімації: Віятель, Ковзання, Пружина, Згасання або Немає. Ви можете налаштувати папку, порядок сортування, кількість елементів, фільтр імен файлів, видимість папок і відображення розширень файлів. Він побудований на Win32 та C++. Налаштування для кожного користувача. Без облікового запису, без мережі, без прав адміністратора для встановлення. FanFolder безкоштовний для особистого та комерційного використання. Працює на Windows 10 версії 2004 або новішій та Windows 11, на x64 та ARM64.","FanFolder đặt các tập tin gần đây của bạn lên thanh tác vụ Windows. Nhấp vào biểu tượng và các tập tin của bạn xuất hiện dưới dạng menu hình quạt. Cho một thư mục bình thường, nó hiển thị các mục sửa đổi gần đây nhất trước. Nguồn Tài liệu gần đây mặc định lấy từ lịch sử tài liệu gần đây của chính Windows. Chỉ đến bất kỳ thư mục cục bộ nào, bao gồm các thư mục đồng bộ với OneDrive, Dropbox hoặc Google Drive. Mở một tập tin bằng một nhấp chuột, kéo nó sang ứng dụng khác, hoặc nhấp chuột phải để xem menu ngữ cảnh chuẩn của Windows. Chọn từ năm kiểu động hóa: Quạt, Trượt, Lò xo, Phai dần hoặc Không. Bạn có thể đặt thư mục, thứ tự sắp xếp, số lượng mục, bộ lọc tên tập tin, hiển thị thư mục, và hiển thị phần mở rộng tập tin. Nó được xây dựng bằng Win32 và C++. Cài đặt theo từng người dùng. Không cần tài khoản, không cần mạng, không cần quyền quản trị để cài đặt. FanFolder miễn phí cho sử dụng cá nhân và thương mại. Chạy trên Windows 10 phiên bản 2004 trở lên và Windows 11, trên cả x64 và ARM64.",FanFolder 将您最近的文件放在 Windows 任务栏上。点击图标，您的文件将以扇形菜单的形式显示。对于普通文件夹，它会先显示最近修改的项目。默认的最近文档源从 Windows 自身的最近文档历史记录中提取。指向任何本地文件夹，包括与 OneDrive、Dropbox 或 Google Drive 同步的文件夹。单击打开文件，将其拖入另一个应用，或右键单击以使用标准 Windows 上下文菜单。从五种动画样式中选择: 扇形、滑动、弹簧、淡入淡出或无。您可以设置文件夹、排序顺序、项目数量、文件名筛选器、文件夹可见性以及是否显示文件扩展名。它使用 Win32 和 C++ 构建。设置按用户保存。无需账户、无需网络、安装无需管理员权限。FanFolder 对个人和商业使用免费。它在 Windows 10 版本 2004 或更高版本以及 Windows 11 上运行，支持 x64 和 ARM64。
ReleaseNotes,3,Text,,,,,,,,,,,,,,,,,,,,,,,,,,,,,,
Title,4,Text,FanFolder,FanFolder,FanFolder,FanFolder,FanFolder,FanFolder,FanFolder,FanFolder,FanFolder,FanFolder,FanFolder,FanFolder,FanFolder,FanFolder,FanFolder,FanFolder,FanFolder,FanFolder,FanFolder,FanFolder,FanFolder,FanFolder,FanFolder,FanFolder,FanFolder,FanFolder,FanFolder,FanFolder,FanFolder,FanFolder
ShortTitle,5,Text,,,,,,,,,,,,,,,,,,,,,,,,,,,,,,
SortTitle,6,Text,,,,,,,,,,,,,,,,,,,,,,,,,,,,,,
VoiceTitle,7,Text,,,,,,,,,,,,,,,,,,,,,,,,,,,,,,
ShortDescription,8,Text,"Click the FanFolder icon on the taskbar to open recent files from an animated fan menu. Point it at any folder, open or drag files, and install free from the Microsoft Store.","Click the FanFolder icon on the taskbar to open recent files from an animated fan menu. Point it at any folder, open or drag files, and install free from the Microsoft Store.",انقر على رمز FanFolder في شريط المهام لفتح أحدث الملفات من قائمة مروحة متحركة. أشر إلى مجلد، افتح أو اسحب ملفات، وثبّت مجاناً من Microsoft Store.,"Klikněte na ikonu FanFolder na panelu úloh a otevřete nedávné soubory z animovaného vějíře. Namiřte na složku, otevřete nebo přetáhněte soubory a nainstalujte zdarma z Microsoft Store.","Klik på FanFolder-ikonet på proceslinjen for at åbne seneste filer fra en animeret vittemenu. Peg på en hvilken som helst mappe, åbn eller træk filer, og installer gratis fra Microsoft Store.","Klicken Sie auf das FanFolder-Symbol in der Taskleiste, um zuletzt verwendete Dateien aus einem animierten Fächermenü zu öffnen. Zeigen Sie auf einen Ordner, öffnen oder ziehen Sie Dateien, und installieren Sie kostenlos aus dem Microsoft Store.","Κάντε κλικ στο εικονίδιο FanFolder στη γραμμή εργασιών για να ανοίξετε πρόσφατα αρχεία από ένα κινούμενο μενού βεντάνιας. Δείξτε σε έναν φάκελο, ανοίξτε ή σύρετε αρχεία, και εγκαταστήστε δωρεάν από το Microsoft Store.","Haz clic en el icono FanFolder de la barra de tareas para abrir archivos recientes desde un menú animado en abanico. Apunta a una carpeta, abre o arrastra archivos, e instala gratis desde Microsoft Store.","Napsauta FanFolder-kuvaketta tehtäväpalkissa avataksesi viimeisimmät tiedostot animoidusta tuuliviivalikosta. Osoita kansiota, avaa tai raahaa tiedostoja ja asenna ilmaiseksi Microsoft Storesta.","Cliquez sur l'icône FanFolder dans la barre des tâches pour ouvrir les fichiers récents depuis un menu éventail animé. Pointez vers un dossier, ouvrez ou faites glisser des fichiers, et installez gratuitement depuis le Microsoft Store.","לחץ על סמל FanFolder בשורת המשימות לפתיחת קבצים אחרונים מתפריט מניפה מונפש. הצבע על תיקייה, פתח או גרור קבצים, והתקן בחינם מ- Microsoft Store.","टास्कबार पर FanFolder आइकन पर क्लिक करके एनिमेटेड पंखा मेन्यू से हाल की फ़ाइलें खोलें। फ़ोल्डर की ओर इशारा करें, फ़ाइलें खोलें या खींचें, और Microsoft Store से मुफ़्त इंस्टॉल करें।","Kattintson a FanFolder ikonra a feladatsávon a legutóbbi fájlok megnyitásához egy animált legyező menüről. Mutasson egy mappára, nyisson meg vagy húzzon fájlokat, és telepítse ingyenesen a Microsoft Store-ból.","Klik ikon FanFolder di taskbar untuk membuka file terbaru dari menu kipas beranimasi. Arahkan ke folder, buka atau seret file, dan pasang gratis dari Microsoft Store.","Fai clic sull'icona FanFolder nella barra delle applicazioni per aprire i file recenti da un menu a ventaglio animato. Punta a una cartella, apri o trascina file, e installa gratuitamente dal Microsoft Store.",タスクバーの FanFolder アイコンをクリックして、アニメーション付きの扇形メニューから最近使ったファイルを開きます。フォルダーを指定し、ファイルを開くまたはドラッグし、Microsoft Store から無料でインストールできます。,작업 표시줄의 FanFolder 아이콘을 클릭하여 애니메이션 부채 메뉴에서 최근 파일을 엽니다. 폴더를 가리키고 파일을 열거나 끌어다 놓으며 Microsoft Store에서 무료로 설치하세요.,"Klikk FanFolder-ikonet på oppgavelinjen for å åpne siste filer fra en animert viftemeny. Pek på en mappe, åpne eller dra filer, og installer gratis fra Microsoft Store.","Klik op het FanFolder-pictogram op de taakbalk om recente bestanden te openen vanuit een geanimeerd waaiersmenu. Wijs naar een map, open of sleep bestanden, en installeer gratis via de Microsoft Store.","Kliknij ikonę FanFolder na pasku zadań, aby otworzyć ostatnie pliki z animowanego menu wachlarza. Wskaż folder, otwórz lub przeciągnij pliki i zainstaluj darmowo z Microsoft Store.","Clique no ícone FanFolder na barra de tarefas para abrir arquivos recentes de um menu leque animado. Aponte para uma pasta, abra ou arraste arquivos, e instale grátis da Microsoft Store.","Faceți click pe pictograma FanFolder din bara de activități pentru a deschide fișiere recente dintr-un meniu evantai animat. Indicați un folder, deschideți sau trageți fișiere, și instalați gratuit din Microsoft Store.","Нажмите на значок FanFolder на панели задач, чтобы открыть недавние файлы из анимированного меню-веера. Укажите на папку, откройте или перетащите файлы и установите бесплатно из Microsoft Store.","Klicka på FanFolder-ikonen i aktivitetsfältet för att öppna senaste filer från en animerad bladmeny. Peka på en mapp, öppna eller dra filer, och installera gratis från Microsoft Store.","Bofya ikoni ya FanFolder kwenye ubao wa kazi kufungua faili za hivi karibuni kutoka kwenye menyu ya upepo iliyohuishwa. Elekeza kwenye folda, fungua au buruta faili, na sakinisha bure kutoka Microsoft Store.",คลิกที่ไอคอน FanFolder บนแถบงานเพื่อเปิดไฟล์ล่าสุดจากเมนูพัดเคลื่อนไหว ชี้ไปที่โฟลเดอร์ เปิดหรือลากไฟล์ และติดตั้งฟรีจาก Microsoft Store,"Görev çubuğundaki FanFolder simgesine tıklayarak en son dosyaları animasyonlu bir yelpaze menüsünden açın. Bir klasöre işaret edin, dosyalar açın veya sürükleyin ve Microsoft Store'dan ücretsiz yükleyin.","Натисніть на піктограму FanFolder на панелі завдань, щоб відкрити нещодавні файли з анімованого меню-війяла. Вкажіть на папку, відкрийте або перетягніть файли та встановіть безкоштовно з Microsoft Store.","Nhấp vào biểu tượng FanFolder trên thanh tác vụ để mở các tập tin gần đây từ một menu quạt có động. Chỉ đến một thư mục, mở hoặc kéo các tập tin, và cài đặt miễn phí từ Microsoft Store.",点击任务栏上的 FanFolder 图标，从动画扇形菜单中打开最近使用的文件。指向文件夹，打开或拖动文件，并从 Microsoft Store 免费安装。
DevStudio,9,Text,Ole Bulow Hartvigsen,Ole Bulow Hartvigsen,Ole Bulow Hartvigsen,Ole Bulow Hartvigsen,Ole Bulow Hartvigsen,Ole Bulow Hartvigsen,Ole Bulow Hartvigsen,Ole Bulow Hartvigsen,Ole Bulow Hartvigsen,Ole Bulow Hartvigsen,Ole Bulow Hartvigsen,Ole Bulow Hartvigsen,Ole Bulow Hartvigsen,Ole Bulow Hartvigsen,Ole Bulow Hartvigsen,Ole Bulow Hartvigsen,Ole Bulow Hartvigsen,Ole Bulow Hartvigsen,Ole Bulow Hartvigsen,Ole Bulow Hartvigsen,Ole Bulow Hartvigsen,Ole Bulow Hartvigsen,Ole Bulow Hartvigsen,Ole Bulow Hartvigsen,Ole Bulow Hartvigsen,Ole Bulow Hartvigsen,Ole Bulow Hartvigsen,Ole Bulow Hartvigsen,Ole Bulow Hartvigsen,Ole Bulow Hartvigsen
CopyrightTrademarkInformation,12,Text,Copyright (c) 2026 Ole Bulow Hartvigsen. All rights reserved.,Copyright (c) 2026 Ole Bulow Hartvigsen. All rights reserved.,Copyright (c) 2026 Ole Bulow Hartvigsen. جميع الحقوق محفوظة.,Copyright (c) 2026 Ole Bulow Hartvigsen. Všechna práva vyhrazena.,Copyright (c) 2026 Ole Bülow Hartvigsen. Alle rettigheder forbeholdes.,Copyright (c) 2026 Ole Bülow Hartvigsen. Alle Rechte vorbehalten.,Copyright (c) 2026 Ole Bulow Hartvigsen. Με επιφύλαξη όλων των δικαιωμάτων.,Copyright (c) 2026 Ole Bulow Hartvigsen. Todos los derechos reservados.,Copyright (c) 2026 Ole Bulow Hartvigsen. Kaikki oikeudet pidätetään.,Copyright (c) 2026 Ole Bulow Hartvigsen. Tous droits réservés.,Copyright (c) 2026 Ole Bulow Hartvigsen. כל הזכויות שמורות.,Copyright (c) 2026 Ole Bulow Hartvigsen. सर्वाधिकार सुरक्षित।,Copyright (c) 2026 Ole Bulow Hartvigsen. Minden jog fenntartva.,Copyright (c) 2026 Ole Bulow Hartvigsen. Semua hak dilindungi.,Copyright (c) 2026 Ole Bulow Hartvigsen. Tutti i diritti riservati.,Copyright (c) 2026 Ole Bulow Hartvigsen. すべての権利を保有します。,Copyright (c) 2026 Ole Bulow Hartvigsen. 모든 권리 보호.,Copyright (c) 2026 Ole Bülow Hartvigsen. Alle rettigheter forbeholdt.,Copyright (c) 2026 Ole Bülow Hartvigsen. Alle rechten voorbehouden.,Copyright (c) 2026 Ole Bulow Hartvigsen. Wszelkie prawa zastrzeżone.,Copyright (c) 2026 Ole Bulow Hartvigsen. Todos os direitos reservados.,Copyright (c) 2026 Ole Bulow Hartvigsen. Toate drepturile rezervate.,Copyright (c) 2026 Ole Bulow Hartvigsen. Все права защищены.,Copyright (c) 2026 Ole Bülow Hartvigsen. Med ensamrätt.,Copyright (c) 2026 Ole Bulow Hartvigsen. Haki zote zimehifadhiwa.,Copyright (c) 2026 Ole Bulow Hartvigsen สงวนลิขสิทธิ์ทั้งหมด,Copyright (c) 2026 Ole Bulow Hartvigsen. Tüm hakları saklıdır.,Copyright (c) 2026 Ole Bulow Hartvigsen. Всі права захищені.,Copyright (c) 2026 Ole Bulow Hartvigsen. Bản quyền được bảo lưu.,Copyright (c) 2026 Ole Bulow Hartvigsen. 保留所有权利。
AdditionalLicenseTerms,13,Text,Free for personal and commercial use forever. All rights reserved.,Free for personal and commercial use forever. All rights reserved.,مجاني للاستخدام الشخصي والتجاري للأبد. جميع الحقوق محفوظة.,Zdarma pro osobní a komerční používání navždy. Všechna práva vyhrazena.,Gratis til personligt og kommercielt brug for altid. Alle rettigheder forbeholdes.,Kostenlos für persönliche und kommerzielle Nutzung für immer. Alle Rechte vorbehalten.,Δωρεάν για προσωπική και επαγγελματική χρήση για πάντα. Με επιφύλαξη όλων των δικαιωμάτων.,Gratis para uso personal y comercial para siempre. Todos los derechos reservados.,Ilmainen henkilökohtaiseen ja kaupalliseen käyttöön ikuisesti. Kaikki oikeudet pidätetään.,Gratuit pour un usage personnel et commercial pour toujours. Tous droits réservés.,חינמי לשימוש אישי ומסחרי לתמיד. כל הזכויות שמורות.,व्यक्तिगत और व्यावसायिक उपयोग के लिए हमेशा मुफ़्त। सर्वाधिकार सुरक्षित।,Ingyenes személyes és kereskedelmi használatra mindörökké. Minden jog fenntartva.,Gratis untuk penggunaan pribadi dan komersial selamanya. Semua hak dilindungi.,Gratuito per uso personale e commerciale per sempre. Tutti i diritti riservati.,個人および商用利用に永久に無料。すべての権利を保有します。,개인 및 상업적 사용에 영구 무료. 모든 권리 보호.,Gratis til personlig og kommersiell bruk for alltid. Alle rettigheter forbeholdt.,Gratis voor persoonlijk en commercieel gebruik voor altijd. Alle rechten voorbehouden.,Darmowy do użytku osobistego i komercyjnego na zawsze. Wszelkie prawa zastrzeżone.,Grátis para uso pessoal e comercial para sempre. Todos os direitos reservados.,Gratuit pentru uz personal și comercial pentru totdeauna. Toate drepturile rezervate.,Бесплатно для личного и коммерческого использования навсегда. Все права защищены.,Gratis för personlig och kommersiell användning för alltid. Med ensamrätt.,Bure kwa matumizi ya binafsi na biashara milele. Haki zote zimehifadhiwa.,ฟรีสำหรับการใช้งานส่วนบุคคลและเชิงพาณิชย์ตลอดไป สงวนลิขสิทธิ์ทั้งหมด,Kişisel ve ticari kullanım için sonsuza kadar ücretsiz. Tüm hakları saklıdır.,Безкоштовно для особистого та комерційного використання назавжди. Всі права захищені.,Miễn phí cho sử dụng cá nhân và thương mại mãi mãi. Bản quyền được bảo lưu.,个人和商业使用永久免费。保留所有权利。
DesktopScreenshot1,100,Relative path (or URL to file in Partner Center),,https://developer.microsoft.com/en-us/dashboard/apps/9P3VT115SBM1/submissions/1152921505701602571/listings/1152922700026582045/listingassets/3039903589978633334,https://developer.microsoft.com/en-us/dashboard/apps/9P3VT115SBM1/submissions/1152921505701602571/listings/1152922700026582535/listingassets/3039903589978633334,https://developer.microsoft.com/en-us/dashboard/apps/9P3VT115SBM1/submissions/1152921505701602571/listings/1152922700026582537/listingassets/3039903589978633334,https://developer.microsoft.com/en-us/dashboard/apps/9P3VT115SBM1/submissions/1152921505701602571/listings/1152922700026582539/listingassets/3039903589978633334,https://developer.microsoft.com/en-us/dashboard/apps/9P3VT115SBM1/submissions/1152921505701602571/listings/1152922700026582541/listingassets/3039903589978633334,https://developer.microsoft.com/en-us/dashboard/apps/9P3VT115SBM1/submissions/1152921505701602571/listings/1152922700026582543/listingassets/3039903589978633334,https://developer.microsoft.com/en-us/dashboard/apps/9P3VT115SBM1/submissions/1152921505701602571/listings/1152922700026582545/listingassets/3039903589978633334,https://developer.microsoft.com/en-us/dashboard/apps/9P3VT115SBM1/submissions/1152921505701602571/listings/1152922700026582547/listingassets/3039903589978633334,https://developer.microsoft.com/en-us/dashboard/apps/9P3VT115SBM1/submissions/1152921505701602571/listings/1152922700026582549/listingassets/3039903589978633334,https://developer.microsoft.com/en-us/dashboard/apps/9P3VT115SBM1/submissions/1152921505701602571/listings/1152922700026582551/listingassets/3039903589978633334,https://developer.microsoft.com/en-us/dashboard/apps/9P3VT115SBM1/submissions/1152921505701602571/listings/1152922700026582553/listingassets/3039903589978633334,https://developer.microsoft.com/en-us/dashboard/apps/9P3VT115SBM1/submissions/1152921505701602571/listings/1152922700026582555/listingassets/3039903589978633334,https://developer.microsoft.com/en-us/dashboard/apps/9P3VT115SBM1/submissions/1152921505701602571/listings/1152922700026582557/listingassets/3039903589978633334,https://developer.microsoft.com/en-us/dashboard/apps/9P3VT115SBM1/submissions/1152921505701602571/listings/1152922700026582769/listingassets/3039903589978633334,https://developer.microsoft.com/en-us/dashboard/apps/9P3VT115SBM1/submissions/1152921505701602571/listings/1152922700026582741/listingassets/3039903589978633334,https://developer.microsoft.com/en-us/dashboard/apps/9P3VT115SBM1/submissions/1152921505701602571/listings/1152922700026582742/listingassets/3039903589978633334,https://developer.microsoft.com/en-us/dashboard/apps/9P3VT115SBM1/submissions/1152921505701602571/listings/1152922700026582767/listingassets/3039903589978633334,https://developer.microsoft.com/en-us/dashboard/apps/9P3VT115SBM1/submissions/1152921505701602571/listings/1152922700026582745/listingassets/3039903589978633334,https://developer.microsoft.com/en-us/dashboard/apps/9P3VT115SBM1/submissions/1152921505701602571/listings/1152922700026582765/listingassets/3039903589978633334,https://developer.microsoft.com/en-us/dashboard/apps/9P3VT115SBM1/submissions/1152921505701602571/listings/1152922700026582764/listingassets/3039903589978633334,https://developer.microsoft.com/en-us/dashboard/apps/9P3VT115SBM1/submissions/1152921505701602571/listings/1152922700026582748/listingassets/3039903589978633334,https://developer.microsoft.com/en-us/dashboard/apps/9P3VT115SBM1/submissions/1152921505701602571/listings/1152922700026582762/listingassets/3039903589978633334,https://developer.microsoft.com/en-us/dashboard/apps/9P3VT115SBM1/submissions/1152921505701602571/listings/1152922700026582750/listingassets/3039903589978633334,https://developer.microsoft.com/en-us/dashboard/apps/9P3VT115SBM1/submissions/1152921505701602571/listings/1152922700026582752/listingassets/3039903589978633334,https://developer.microsoft.com/en-us/dashboard/apps/9P3VT115SBM1/submissions/1152921505701602571/listings/1152922700026582754/listingassets/3039903589978633334,https://developer.microsoft.com/en-us/dashboard/apps/9P3VT115SBM1/submissions/1152921505701602571/listings/1152922700026582756/listingassets/3039903589978633334,https://developer.microsoft.com/en-us/dashboard/apps/9P3VT115SBM1/submissions/1152921505701602571/listings/1152922700026582761/listingassets/3039903589978633334,https://developer.microsoft.com/en-us/dashboard/apps/9P3VT115SBM1/submissions/1152921505701602571/listings/1152922700026582759/listingassets/3039903589978633334,https://developer.microsoft.com/en-us/dashboard/apps/9P3VT115SBM1/submissions/1152921505701602571/listings/1152922700026582799/listingassets/3039903589978633334
DesktopScreenshot2,101,Relative path (or URL to file in Partner Center),,,,,,,,,,,,,,,,,,,,,,,,,,,,,,
DesktopScreenshot3,102,Relative path (or URL to file in Partner Center),,,,,,,,,,,,,,,,,,,,,,,,,,,,,,
DesktopScreenshot4,103,Relative path (or URL to file in Partner Center),,,,,,,,,,,,,,,,,,,,,,,,,,,,,,
DesktopScreenshot5,104,Relative path (or URL to file in Partner Center),,,,,,,,,,,,,,,,,,,,,,,,,,,,,,
DesktopScreenshot6,105,Relative path (or URL to file in Partner Center),,,,,,,,,,,,,,,,,,,,,,,,,,,,,,
DesktopScreenshot7,106,Relative path (or URL to file in Partner Center),,,,,,,,,,,,,,,,,,,,,,,,,,,,,,
DesktopScreenshot8,107,Relative path (or URL to file in Partner Center),,,,,,,,,,,,,,,,,,,,,,,,,,,,,,
DesktopScreenshot9,108,Relative path (or URL to file in Partner Center),,,,,,,,,,,,,,,,,,,,,,,,,,,,,,
DesktopScreenshot10,109,Relative path (or URL to file in Partner Center),,,,,,,,,,,,,,,,,,,,,,,,,,,,,,
DesktopScreenshot11,110,Relative path (or URL to file in Partner Center),,,,,,,,,,,,,,,,,,,,,,,,,,,,,,
DesktopScreenshot12,111,Relative path (or URL to file in Partner Center),,,,,,,,,,,,,,,,,,,,,,,,,,,,,,
DesktopScreenshot13,112,Relative path (or URL to file in Partner Center),,,,,,,,,,,,,,,,,,,,,,,,,,,,,,
DesktopScreenshot14,113,Relative path (or URL to file in Partner Center),,,,,,,,,,,,,,,,,,,,,,,,,,,,,,
DesktopScreenshot15,114,Relative path (or URL to file in Partner Center),,,,,,,,,,,,,,,,,,,,,,,,,,,,,,
DesktopScreenshot16,115,Relative path (or URL to file in Partner Center),,,,,,,,,,,,,,,,,,,,,,,,,,,,,,
DesktopScreenshot17,116,Relative path (or URL to file in Partner Center),,,,,,,,,,,,,,,,,,,,,,,,,,,,,,
DesktopScreenshot18,117,Relative path (or URL to file in Partner Center),,,,,,,,,,,,,,,,,,,,,,,,,,,,,,
DesktopScreenshot19,118,Relative path (or URL to file in Partner Center),,,,,,,,,,,,,,,,,,,,,,,,,,,,,,
DesktopScreenshot20,119,Relative path (or URL to file in Partner Center),,,,,,,,,,,,,,,,,,,,,,,,,,,,,,
DesktopScreenshot21,120,Relative path (or URL to file in Partner Center),,,,,,,,,,,,,,,,,,,,,,,,,,,,,,
DesktopScreenshot22,121,Relative path (or URL to file in Partner Center),,,,,,,,,,,,,,,,,,,,,,,,,,,,,,
DesktopScreenshot23,122,Relative path (or URL to file in Partner Center),,,,,,,,,,,,,,,,,,,,,,,,,,,,,,
DesktopScreenshot24,123,Relative path (or URL to file in Partner Center),,,,,,,,,,,,,,,,,,,,,,,,,,,,,,
DesktopScreenshot25,124,Relative path (or URL to file in Partner Center),,,,,,,,,,,,,,,,,,,,,,,,,,,,,,
DesktopScreenshot26,125,Relative path (or URL to file in Partner Center),,,,,,,,,,,,,,,,,,,,,,,,,,,,,,
DesktopScreenshot27,126,Relative path (or URL to file in Partner Center),,,,,,,,,,,,,,,,,,,,,,,,,,,,,,
DesktopScreenshot28,127,Relative path (or URL to file in Partner Center),,,,,,,,,,,,,,,,,,,,,,,,,,,,,,
DesktopScreenshot29,128,Relative path (or URL to file in Partner Center),,,,,,,,,,,,,,,,,,,,,,,,,,,,,,
DesktopScreenshot30,129,Relative path (or URL to file in Partner Center),,,,,,,,,,,,,,,,,,,,,,,,,,,,,,
DesktopScreenshotCaption1,150,Text,FanFolder fan menu on the Windows taskbar showing recent files,FanFolder fan menu on the Windows taskbar showing recent files,قائمة مروحة FanFolder على شريط مهام Windows تعرض أحدث الملفات,Menu vějíře FanFolder na panelu úloh Windows s nedávnými soubory,FanFolder-viftemenu på Windows-proceslinjen med seneste filer,FanFolder-Fächermenü auf der Windows-Taskleiste mit zuletzt verwendeten Dateien,Μενού βεντάνιας FanFolder στη γραμμή εργασιών του Windows με πρόσφατα αρχεία,Menú abanico de FanFolder en la barra de tareas de Windows con archivos recientes,FanFolderin tuuliviivalikko Windowsin tehtäväpalkissa viimeisimpien tiedostojen kanssa,Menu éventail FanFolder sur la barre des tâches Windows affichant les fichiers récents,תפריט מניפה FanFolder על שורת המשימות של Windows עם קבצים אחרונים,Windows टास्कबार पर FanFolder पंखा मेन्यू हाल की फ़ाइलें दिखाते हुए,FanFolder legyező menü a Windows feladatsávon legutóbbi fájlokkal,Menu kipas FanFolder di taskbar Windows menampilkan file terbaru,Menu a ventaglio FanFolder sulla barra delle applicazioni di Windows con file recenti,Windows タスクバー上の FanFolder 扇形メニュー、最近使ったファイルを表示,최근 파일을 표시하는 Windows 작업 표시줄의 FanFolder 부채 메뉴,FanFolder-viftemeny på Windows-oppgavelinjen med siste filer,FanFolder-waaiermenu op de Windows-taakbalk met recente bestanden,Menu wachlarza FanFolder na pasku zadań Windows z ostatnimi plikami,Menu leque FanFolder na barra de tarefas do Windows mostrando arquivos recentes,Meniu evantai FanFolder pe bara de activități Windows cu fișiere recente,Меню-веер FanFolder на панели задач Windows с недавними файлами,FanFolder-bladmeny på Windows-aktivitetsfältet med senaste filer,Menyu ya upepo ya FanFolder kwenye ubao wa kazi wa Windows ikionyesha faili za hivi karibuni,เมนูพัด FanFolder บนแถบงาน Windows แสดงไฟล์ล่าสุด,Windows görev çubuğunda en son dosyaları gösteren FanFolder yelpaze menüsü,Меню-віятель FanFolder на панелі завдань Windows з нещодавніми файлами,Menu quạt FanFolder trên thanh tác vụ Windows hiển thị các tập tin gần đây,Windows 任务栏上显示最近文件的 FanFolder 扇形菜单
DesktopScreenshotCaption2,151,Text,,,,,,,,,,,,,,,,,,,,,,,,,,,,,,
DesktopScreenshotCaption3,152,Text,,,,,,,,,,,,,,,,,,,,,,,,,,,,,,
DesktopScreenshotCaption4,153,Text,,,,,,,,,,,,,,,,,,,,,,,,,,,,,,
DesktopScreenshotCaption5,154,Text,,,,,,,,,,,,,,,,,,,,,,,,,,,,,,
DesktopScreenshotCaption6,155,Text,,,,,,,,,,,,,,,,,,,,,,,,,,,,,,
DesktopScreenshotCaption7,156,Text,,,,,,,,,,,,,,,,,,,,,,,,,,,,,,
DesktopScreenshotCaption8,157,Text,,,,,,,,,,,,,,,,,,,,,,,,,,,,,,
DesktopScreenshotCaption9,158,Text,,,,,,,,,,,,,,,,,,,,,,,,,,,,,,
DesktopScreenshotCaption10,159,Text,,,,,,,,,,,,,,,,,,,,,,,,,,,,,,
DesktopScreenshotCaption11,160,Text,,,,,,,,,,,,,,,,,,,,,,,,,,,,,,
DesktopScreenshotCaption12,161,Text,,,,,,,,,,,,,,,,,,,,,,,,,,,,,,
DesktopScreenshotCaption13,162,Text,,,,,,,,,,,,,,,,,,,,,,,,,,,,,,
DesktopScreenshotCaption14,163,Text,,,,,,,,,,,,,,,,,,,,,,,,,,,,,,
DesktopScreenshotCaption15,164,Text,,,,,,,,,,,,,,,,,,,,,,,,,,,,,,
DesktopScreenshotCaption16,165,Text,,,,,,,,,,,,,,,,,,,,,,,,,,,,,,
DesktopScreenshotCaption17,166,Text,,,,,,,,,,,,,,,,,,,,,,,,,,,,,,
DesktopScreenshotCaption18,167,Text,,,,,,,,,,,,,,,,,,,,,,,,,,,,,,
DesktopScreenshotCaption19,168,Text,,,,,,,,,,,,,,,,,,,,,,,,,,,,,,
DesktopScreenshotCaption20,169,Text,,,,,,,,,,,,,,,,,,,,,,,,,,,,,,
DesktopScreenshotCaption21,170,Text,,,,,,,,,,,,,,,,,,,,,,,,,,,,,,
DesktopScreenshotCaption22,171,Text,,,,,,,,,,,,,,,,,,,,,,,,,,,,,,
DesktopScreenshotCaption23,172,Text,,,,,,,,,,,,,,,,,,,,,,,,,,,,,,
DesktopScreenshotCaption24,173,Text,,,,,,,,,,,,,,,,,,,,,,,,,,,,,,
DesktopScreenshotCaption25,174,Text,,,,,,,,,,,,,,,,,,,,,,,,,,,,,,
DesktopScreenshotCaption26,175,Text,,,,,,,,,,,,,,,,,,,,,,,,,,,,,,
DesktopScreenshotCaption27,176,Text,,,,,,,,,,,,,,,,,,,,,,,,,,,,,,
DesktopScreenshotCaption28,177,Text,,,,,,,,,,,,,,,,,,,,,,,,,,,,,,
DesktopScreenshotCaption29,178,Text,,,,,,,,,,,,,,,,,,,,,,,,,,,,,,
DesktopScreenshotCaption30,179,Text,,,,,,,,,,,,,,,,,,,,,,,,,,,,,,
MobileScreenshot1,200,Relative path (or URL to file in Partner Center),,,,,,,,,,,,,,,,,,,,,,,,,,,,,,
MobileScreenshot2,201,Relative path (or URL to file in Partner Center),,,,,,,,,,,,,,,,,,,,,,,,,,,,,,
MobileScreenshot3,202,Relative path (or URL to file in Partner Center),,,,,,,,,,,,,,,,,,,,,,,,,,,,,,
MobileScreenshot4,203,Relative path (or URL to file in Partner Center),,,,,,,,,,,,,,,,,,,,,,,,,,,,,,
MobileScreenshot5,204,Relative path (or URL to file in Partner Center),,,,,,,,,,,,,,,,,,,,,,,,,,,,,,
MobileScreenshot6,205,Relative path (or URL to file in Partner Center),,,,,,,,,,,,,,,,,,,,,,,,,,,,,,
MobileScreenshot7,206,Relative path (or URL to file in Partner Center),,,,,,,,,,,,,,,,,,,,,,,,,,,,,,
MobileScreenshot8,207,Relative path (or URL to file in Partner Center),,,,,,,,,,,,,,,,,,,,,,,,,,,,,,
MobileScreenshot9,208,Relative path (or URL to file in Partner Center),,,,,,,,,,,,,,,,,,,,,,,,,,,,,,
MobileScreenshot10,209,Relative path (or URL to file in Partner Center),,,,,,,,,,,,,,,,,,,,,,,,,,,,,,
MobileScreenshot11,210,Relative path (or URL to file in Partner Center),,,,,,,,,,,,,,,,,,,,,,,,,,,,,,
MobileScreenshot12,211,Relative path (or URL to file in Partner Center),,,,,,,,,,,,,,,,,,,,,,,,,,,,,,
MobileScreenshot13,212,Relative path (or URL to file in Partner Center),,,,,,,,,,,,,,,,,,,,,,,,,,,,,,
MobileScreenshot14,213,Relative path (or URL to file in Partner Center),,,,,,,,,,,,,,,,,,,,,,,,,,,,,,
MobileScreenshot15,214,Relative path (or URL to file in Partner Center),,,,,,,,,,,,,,,,,,,,,,,,,,,,,,
MobileScreenshot16,215,Relative path (or URL to file in Partner Center),,,,,,,,,,,,,,,,,,,,,,,,,,,,,,
MobileScreenshot17,216,Relative path (or URL to file in Partner Center),,,,,,,,,,,,,,,,,,,,,,,,,,,,,,
MobileScreenshot18,217,Relative path (or URL to file in Partner Center),,,,,,,,,,,,,,,,,,,,,,,,,,,,,,
MobileScreenshot19,218,Relative path (or URL to file in Partner Center),,,,,,,,,,,,,,,,,,,,,,,,,,,,,,
MobileScreenshot20,219,Relative path (or URL to file in Partner Center),,,,,,,,,,,,,,,,,,,,,,,,,,,,,,
MobileScreenshot21,220,Relative path (or URL to file in Partner Center),,,,,,,,,,,,,,,,,,,,,,,,,,,,,,
MobileScreenshot22,221,Relative path (or URL to file in Partner Center),,,,,,,,,,,,,,,,,,,,,,,,,,,,,,
MobileScreenshot23,222,Relative path (or URL to file in Partner Center),,,,,,,,,,,,,,,,,,,,,,,,,,,,,,
MobileScreenshot24,223,Relative path (or URL to file in Partner Center),,,,,,,,,,,,,,,,,,,,,,,,,,,,,,
MobileScreenshot25,224,Relative path (or URL to file in Partner Center),,,,,,,,,,,,,,,,,,,,,,,,,,,,,,
MobileScreenshot26,225,Relative path (or URL to file in Partner Center),,,,,,,,,,,,,,,,,,,,,,,,,,,,,,
MobileScreenshot27,226,Relative path (or URL to file in Partner Center),,,,,,,,,,,,,,,,,,,,,,,,,,,,,,
MobileScreenshot28,227,Relative path (or URL to file in Partner Center),,,,,,,,,,,,,,,,,,,,,,,,,,,,,,
MobileScreenshot29,228,Relative path (or URL to file in Partner Center),,,,,,,,,,,,,,,,,,,,,,,,,,,,,,
MobileScreenshot30,229,Relative path (or URL to file in Partner Center),,,,,,,,,,,,,,,,,,,,,,,,,,,,,,
MobileScreenshotCaption1,250,Text,,,,,,,,,,,,,,,,,,,,,,,,,,,,,,
MobileScreenshotCaption2,251,Text,,,,,,,,,,,,,,,,,,,,,,,,,,,,,,
MobileScreenshotCaption3,252,Text,,,,,,,,,,,,,,,,,,,,,,,,,,,,,,
MobileScreenshotCaption4,253,Text,,,,,,,,,,,,,,,,,,,,,,,,,,,,,,
MobileScreenshotCaption5,254,Text,,,,,,,,,,,,,,,,,,,,,,,,,,,,,,
MobileScreenshotCaption6,255,Text,,,,,,,,,,,,,,,,,,,,,,,,,,,,,,
MobileScreenshotCaption7,256,Text,,,,,,,,,,,,,,,,,,,,,,,,,,,,,,
MobileScreenshotCaption8,257,Text,,,,,,,,,,,,,,,,,,,,,,,,,,,,,,
MobileScreenshotCaption9,258,Text,,,,,,,,,,,,,,,,,,,,,,,,,,,,,,
MobileScreenshotCaption10,259,Text,,,,,,,,,,,,,,,,,,,,,,,,,,,,,,
MobileScreenshotCaption11,260,Text,,,,,,,,,,,,,,,,,,,,,,,,,,,,,,
MobileScreenshotCaption12,261,Text,,,,,,,,,,,,,,,,,,,,,,,,,,,,,,
MobileScreenshotCaption13,262,Text,,,,,,,,,,,,,,,,,,,,,,,,,,,,,,
MobileScreenshotCaption14,263,Text,,,,,,,,,,,,,,,,,,,,,,,,,,,,,,
MobileScreenshotCaption15,264,Text,,,,,,,,,,,,,,,,,,,,,,,,,,,,,,
MobileScreenshotCaption16,265,Text,,,,,,,,,,,,,,,,,,,,,,,,,,,,,,
MobileScreenshotCaption17,266,Text,,,,,,,,,,,,,,,,,,,,,,,,,,,,,,
MobileScreenshotCaption18,267,Text,,,,,,,,,,,,,,,,,,,,,,,,,,,,,,
MobileScreenshotCaption19,268,Text,,,,,,,,,,,,,,,,,,,,,,,,,,,,,,
MobileScreenshotCaption20,269,Text,,,,,,,,,,,,,,,,,,,,,,,,,,,,,,
MobileScreenshotCaption21,270,Text,,,,,,,,,,,,,,,,,,,,,,,,,,,,,,
MobileScreenshotCaption22,271,Text,,,,,,,,,,,,,,,,,,,,,,,,,,,,,,
MobileScreenshotCaption23,272,Text,,,,,,,,,,,,,,,,,,,,,,,,,,,,,,
MobileScreenshotCaption24,273,Text,,,,,,,,,,,,,,,,,,,,,,,,,,,,,,
MobileScreenshotCaption25,274,Text,,,,,,,,,,,,,,,,,,,,,,,,,,,,,,
MobileScreenshotCaption26,275,Text,,,,,,,,,,,,,,,,,,,,,,,,,,,,,,
MobileScreenshotCaption27,276,Text,,,,,,,,,,,,,,,,,,,,,,,,,,,,,,
MobileScreenshotCaption28,277,Text,,,,,,,,,,,,,,,,,,,,,,,,,,,,,,
MobileScreenshotCaption29,278,Text,,,,,,,,,,,,,,,,,,,,,,,,,,,,,,
MobileScreenshotCaption30,279,Text,,,,,,,,,,,,,,,,,,,,,,,,,,,,,,
XboxScreenshot1,300,Relative path (or URL to file in Partner Center),,,,,,,,,,,,,,,,,,,,,,,,,,,,,,
XboxScreenshot2,301,Relative path (or URL to file in Partner Center),,,,,,,,,,,,,,,,,,,,,,,,,,,,,,
XboxScreenshot3,302,Relative path (or URL to file in Partner Center),,,,,,,,,,,,,,,,,,,,,,,,,,,,,,
XboxScreenshot4,303,Relative path (or URL to file in Partner Center),,,,,,,,,,,,,,,,,,,,,,,,,,,,,,
XboxScreenshot5,304,Relative path (or URL to file in Partner Center),,,,,,,,,,,,,,,,,,,,,,,,,,,,,,
XboxScreenshot6,305,Relative path (or URL to file in Partner Center),,,,,,,,,,,,,,,,,,,,,,,,,,,,,,
XboxScreenshot7,306,Relative path (or URL to file in Partner Center),,,,,,,,,,,,,,,,,,,,,,,,,,,,,,
XboxScreenshot8,307,Relative path (or URL to file in Partner Center),,,,,,,,,,,,,,,,,,,,,,,,,,,,,,
XboxScreenshot9,308,Relative path (or URL to file in Partner Center),,,,,,,,,,,,,,,,,,,,,,,,,,,,,,
XboxScreenshot10,309,Relative path (or URL to file in Partner Center),,,,,,,,,,,,,,,,,,,,,,,,,,,,,,
XboxScreenshot11,310,Relative path (or URL to file in Partner Center),,,,,,,,,,,,,,,,,,,,,,,,,,,,,,
XboxScreenshot12,311,Relative path (or URL to file in Partner Center),,,,,,,,,,,,,,,,,,,,,,,,,,,,,,
XboxScreenshot13,312,Relative path (or URL to file in Partner Center),,,,,,,,,,,,,,,,,,,,,,,,,,,,,,
XboxScreenshot14,313,Relative path (or URL to file in Partner Center),,,,,,,,,,,,,,,,,,,,,,,,,,,,,,
XboxScreenshot15,314,Relative path (or URL to file in Partner Center),,,,,,,,,,,,,,,,,,,,,,,,,,,,,,
XboxScreenshot16,315,Relative path (or URL to file in Partner Center),,,,,,,,,,,,,,,,,,,,,,,,,,,,,,
XboxScreenshot17,316,Relative path (or URL to file in Partner Center),,,,,,,,,,,,,,,,,,,,,,,,,,,,,,
XboxScreenshot18,317,Relative path (or URL to file in Partner Center),,,,,,,,,,,,,,,,,,,,,,,,,,,,,,
XboxScreenshot19,318,Relative path (or URL to file in Partner Center),,,,,,,,,,,,,,,,,,,,,,,,,,,,,,
XboxScreenshot20,319,Relative path (or URL to file in Partner Center),,,,,,,,,,,,,,,,,,,,,,,,,,,,,,
XboxScreenshot21,320,Relative path (or URL to file in Partner Center),,,,,,,,,,,,,,,,,,,,,,,,,,,,,,
XboxScreenshot22,321,Relative path (or URL to file in Partner Center),,,,,,,,,,,,,,,,,,,,,,,,,,,,,,
XboxScreenshot23,322,Relative path (or URL to file in Partner Center),,,,,,,,,,,,,,,,,,,,,,,,,,,,,,
XboxScreenshot24,323,Relative path (or URL to file in Partner Center),,,,,,,,,,,,,,,,,,,,,,,,,,,,,,
XboxScreenshot25,324,Relative path (or URL to file in Partner Center),,,,,,,,,,,,,,,,,,,,,,,,,,,,,,
XboxScreenshot26,325,Relative path (or URL to file in Partner Center),,,,,,,,,,,,,,,,,,,,,,,,,,,,,,
XboxScreenshot27,326,Relative path (or URL to file in Partner Center),,,,,,,,,,,,,,,,,,,,,,,,,,,,,,
XboxScreenshot28,327,Relative path (or URL to file in Partner Center),,,,,,,,,,,,,,,,,,,,,,,,,,,,,,
XboxScreenshot29,328,Relative path (or URL to file in Partner Center),,,,,,,,,,,,,,,,,,,,,,,,,,,,,,
XboxScreenshot30,329,Relative path (or URL to file in Partner Center),,,,,,,,,,,,,,,,,,,,,,,,,,,,,,
XboxScreenshotCaption1,350,Text,,,,,,,,,,,,,,,,,,,,,,,,,,,,,,
XboxScreenshotCaption2,351,Text,,,,,,,,,,,,,,,,,,,,,,,,,,,,,,
XboxScreenshotCaption3,352,Text,,,,,,,,,,,,,,,,,,,,,,,,,,,,,,
XboxScreenshotCaption4,353,Text,,,,,,,,,,,,,,,,,,,,,,,,,,,,,,
XboxScreenshotCaption5,354,Text,,,,,,,,,,,,,,,,,,,,,,,,,,,,,,
XboxScreenshotCaption6,355,Text,,,,,,,,,,,,,,,,,,,,,,,,,,,,,,
XboxScreenshotCaption7,356,Text,,,,,,,,,,,,,,,,,,,,,,,,,,,,,,
XboxScreenshotCaption8,357,Text,,,,,,,,,,,,,,,,,,,,,,,,,,,,,,
XboxScreenshotCaption9,358,Text,,,,,,,,,,,,,,,,,,,,,,,,,,,,,,
XboxScreenshotCaption10,359,Text,,,,,,,,,,,,,,,,,,,,,,,,,,,,,,
XboxScreenshotCaption11,360,Text,,,,,,,,,,,,,,,,,,,,,,,,,,,,,,
XboxScreenshotCaption12,361,Text,,,,,,,,,,,,,,,,,,,,,,,,,,,,,,
XboxScreenshotCaption13,362,Text,,,,,,,,,,,,,,,,,,,,,,,,,,,,,,
XboxScreenshotCaption14,363,Text,,,,,,,,,,,,,,,,,,,,,,,,,,,,,,
XboxScreenshotCaption15,364,Text,,,,,,,,,,,,,,,,,,,,,,,,,,,,,,
XboxScreenshotCaption16,365,Text,,,,,,,,,,,,,,,,,,,,,,,,,,,,,,
XboxScreenshotCaption17,366,Text,,,,,,,,,,,,,,,,,,,,,,,,,,,,,,
XboxScreenshotCaption18,367,Text,,,,,,,,,,,,,,,,,,,,,,,,,,,,,,
XboxScreenshotCaption19,368,Text,,,,,,,,,,,,,,,,,,,,,,,,,,,,,,
XboxScreenshotCaption20,369,Text,,,,,,,,,,,,,,,,,,,,,,,,,,,,,,
XboxScreenshotCaption21,370,Text,,,,,,,,,,,,,,,,,,,,,,,,,,,,,,
XboxScreenshotCaption22,371,Text,,,,,,,,,,,,,,,,,,,,,,,,,,,,,,
XboxScreenshotCaption23,372,Text,,,,,,,,,,,,,,,,,,,,,,,,,,,,,,
XboxScreenshotCaption24,373,Text,,,,,,,,,,,,,,,,,,,,,,,,,,,,,,
XboxScreenshotCaption25,374,Text,,,,,,,,,,,,,,,,,,,,,,,,,,,,,,
XboxScreenshotCaption26,375,Text,,,,,,,,,,,,,,,,,,,,,,,,,,,,,,
XboxScreenshotCaption27,376,Text,,,,,,,,,,,,,,,,,,,,,,,,,,,,,,
XboxScreenshotCaption28,377,Text,,,,,,,,,,,,,,,,,,,,,,,,,,,,,,
XboxScreenshotCaption29,378,Text,,,,,,,,,,,,,,,,,,,,,,,,,,,,,,
XboxScreenshotCaption30,379,Text,,,,,,,,,,,,,,,,,,,,,,,,,,,,,,
HolographicScreenshot1,400,Relative path (or URL to file in Partner Center),,,,,,,,,,,,,,,,,,,,,,,,,,,,,,
HolographicScreenshot2,401,Relative path (or URL to file in Partner Center),,,,,,,,,,,,,,,,,,,,,,,,,,,,,,
HolographicScreenshot3,402,Relative path (or URL to file in Partner Center),,,,,,,,,,,,,,,,,,,,,,,,,,,,,,
HolographicScreenshot4,403,Relative path (or URL to file in Partner Center),,,,,,,,,,,,,,,,,,,,,,,,,,,,,,
HolographicScreenshot5,404,Relative path (or URL to file in Partner Center),,,,,,,,,,,,,,,,,,,,,,,,,,,,,,
HolographicScreenshot6,405,Relative path (or URL to file in Partner Center),,,,,,,,,,,,,,,,,,,,,,,,,,,,,,
HolographicScreenshot7,406,Relative path (or URL to file in Partner Center),,,,,,,,,,,,,,,,,,,,,,,,,,,,,,
HolographicScreenshot8,407,Relative path (or URL to file in Partner Center),,,,,,,,,,,,,,,,,,,,,,,,,,,,,,
HolographicScreenshot9,408,Relative path (or URL to file in Partner Center),,,,,,,,,,,,,,,,,,,,,,,,,,,,,,
HolographicScreenshot10,409,Relative path (or URL to file in Partner Center),,,,,,,,,,,,,,,,,,,,,,,,,,,,,,
HolographicScreenshot11,410,Relative path (or URL to file in Partner Center),,,,,,,,,,,,,,,,,,,,,,,,,,,,,,
HolographicScreenshot12,411,Relative path (or URL to file in Partner Center),,,,,,,,,,,,,,,,,,,,,,,,,,,,,,
HolographicScreenshot13,412,Relative path (or URL to file in Partner Center),,,,,,,,,,,,,,,,,,,,,,,,,,,,,,
HolographicScreenshot14,413,Relative path (or URL to file in Partner Center),,,,,,,,,,,,,,,,,,,,,,,,,,,,,,
HolographicScreenshot15,414,Relative path (or URL to file in Partner Center),,,,,,,,,,,,,,,,,,,,,,,,,,,,,,
HolographicScreenshot16,415,Relative path (or URL to file in Partner Center),,,,,,,,,,,,,,,,,,,,,,,,,,,,,,
HolographicScreenshot17,416,Relative path (or URL to file in Partner Center),,,,,,,,,,,,,,,,,,,,,,,,,,,,,,
HolographicScreenshot18,417,Relative path (or URL to file in Partner Center),,,,,,,,,,,,,,,,,,,,,,,,,,,,,,
HolographicScreenshot19,418,Relative path (or URL to file in Partner Center),,,,,,,,,,,,,,,,,,,,,,,,,,,,,,
HolographicScreenshot20,419,Relative path (or URL to file in Partner Center),,,,,,,,,,,,,,,,,,,,,,,,,,,,,,
HolographicScreenshot21,420,Relative path (or URL to file in Partner Center),,,,,,,,,,,,,,,,,,,,,,,,,,,,,,
HolographicScreenshot22,421,Relative path (or URL to file in Partner Center),,,,,,,,,,,,,,,,,,,,,,,,,,,,,,
HolographicScreenshot23,422,Relative path (or URL to file in Partner Center),,,,,,,,,,,,,,,,,,,,,,,,,,,,,,
HolographicScreenshot24,423,Relative path (or URL to file in Partner Center),,,,,,,,,,,,,,,,,,,,,,,,,,,,,,
HolographicScreenshot25,424,Relative path (or URL to file in Partner Center),,,,,,,,,,,,,,,,,,,,,,,,,,,,,,
HolographicScreenshot26,425,Relative path (or URL to file in Partner Center),,,,,,,,,,,,,,,,,,,,,,,,,,,,,,
HolographicScreenshot27,426,Relative path (or URL to file in Partner Center),,,,,,,,,,,,,,,,,,,,,,,,,,,,,,
HolographicScreenshot28,427,Relative path (or URL to file in Partner Center),,,,,,,,,,,,,,,,,,,,,,,,,,,,,,
HolographicScreenshot29,428,Relative path (or URL to file in Partner Center),,,,,,,,,,,,,,,,,,,,,,,,,,,,,,
HolographicScreenshot30,429,Relative path (or URL to file in Partner Center),,,,,,,,,,,,,,,,,,,,,,,,,,,,,,
HolographicScreenshotCaption1,450,Text,,,,,,,,,,,,,,,,,,,,,,,,,,,,,,
HolographicScreenshotCaption2,451,Text,,,,,,,,,,,,,,,,,,,,,,,,,,,,,,
HolographicScreenshotCaption3,452,Text,,,,,,,,,,,,,,,,,,,,,,,,,,,,,,
HolographicScreenshotCaption4,453,Text,,,,,,,,,,,,,,,,,,,,,,,,,,,,,,
HolographicScreenshotCaption5,454,Text,,,,,,,,,,,,,,,,,,,,,,,,,,,,,,
HolographicScreenshotCaption6,455,Text,,,,,,,,,,,,,,,,,,,,,,,,,,,,,,
HolographicScreenshotCaption7,456,Text,,,,,,,,,,,,,,,,,,,,,,,,,,,,,,
HolographicScreenshotCaption8,457,Text,,,,,,,,,,,,,,,,,,,,,,,,,,,,,,
HolographicScreenshotCaption9,458,Text,,,,,,,,,,,,,,,,,,,,,,,,,,,,,,
HolographicScreenshotCaption10,459,Text,,,,,,,,,,,,,,,,,,,,,,,,,,,,,,
HolographicScreenshotCaption11,460,Text,,,,,,,,,,,,,,,,,,,,,,,,,,,,,,
HolographicScreenshotCaption12,461,Text,,,,,,,,,,,,,,,,,,,,,,,,,,,,,,
HolographicScreenshotCaption13,462,Text,,,,,,,,,,,,,,,,,,,,,,,,,,,,,,
HolographicScreenshotCaption14,463,Text,,,,,,,,,,,,,,,,,,,,,,,,,,,,,,
HolographicScreenshotCaption15,464,Text,,,,,,,,,,,,,,,,,,,,,,,,,,,,,,
HolographicScreenshotCaption16,465,Text,,,,,,,,,,,,,,,,,,,,,,,,,,,,,,
HolographicScreenshotCaption17,466,Text,,,,,,,,,,,,,,,,,,,,,,,,,,,,,,
HolographicScreenshotCaption18,467,Text,,,,,,,,,,,,,,,,,,,,,,,,,,,,,,
HolographicScreenshotCaption19,468,Text,,,,,,,,,,,,,,,,,,,,,,,,,,,,,,
HolographicScreenshotCaption20,469,Text,,,,,,,,,,,,,,,,,,,,,,,,,,,,,,
HolographicScreenshotCaption21,470,Text,,,,,,,,,,,,,,,,,,,,,,,,,,,,,,
HolographicScreenshotCaption22,471,Text,,,,,,,,,,,,,,,,,,,,,,,,,,,,,,
HolographicScreenshotCaption23,472,Text,,,,,,,,,,,,,,,,,,,,,,,,,,,,,,
HolographicScreenshotCaption24,473,Text,,,,,,,,,,,,,,,,,,,,,,,,,,,,,,
HolographicScreenshotCaption25,474,Text,,,,,,,,,,,,,,,,,,,,,,,,,,,,,,
HolographicScreenshotCaption26,475,Text,,,,,,,,,,,,,,,,,,,,,,,,,,,,,,
HolographicScreenshotCaption27,476,Text,,,,,,,,,,,,,,,,,,,,,,,,,,,,,,
HolographicScreenshotCaption28,477,Text,,,,,,,,,,,,,,,,,,,,,,,,,,,,,,
HolographicScreenshotCaption29,478,Text,,,,,,,,,,,,,,,,,,,,,,,,,,,,,,
HolographicScreenshotCaption30,479,Text,,,,,,,,,,,,,,,,,,,,,,,,,,,,,,
SurfaceHubScreenshot11,510,Relative path (or URL to file in Partner Center),,,,,,,,,,,,,,,,,,,,,,,,,,,,,,
SurfaceHubScreenshot12,511,Relative path (or URL to file in Partner Center),,,,,,,,,,,,,,,,,,,,,,,,,,,,,,
SurfaceHubScreenshot13,512,Relative path (or URL to file in Partner Center),,,,,,,,,,,,,,,,,,,,,,,,,,,,,,
SurfaceHubScreenshot14,513,Relative path (or URL to file in Partner Center),,,,,,,,,,,,,,,,,,,,,,,,,,,,,,
SurfaceHubScreenshot15,514,Relative path (or URL to file in Partner Center),,,,,,,,,,,,,,,,,,,,,,,,,,,,,,
SurfaceHubScreenshot16,515,Relative path (or URL to file in Partner Center),,,,,,,,,,,,,,,,,,,,,,,,,,,,,,
SurfaceHubScreenshot17,516,Relative path (or URL to file in Partner Center),,,,,,,,,,,,,,,,,,,,,,,,,,,,,,
SurfaceHubScreenshot18,517,Relative path (or URL to file in Partner Center),,,,,,,,,,,,,,,,,,,,,,,,,,,,,,
SurfaceHubScreenshot19,518,Relative path (or URL to file in Partner Center),,,,,,,,,,,,,,,,,,,,,,,,,,,,,,
SurfaceHubScreenshot20,519,Relative path (or URL to file in Partner Center),,,,,,,,,,,,,,,,,,,,,,,,,,,,,,
SurfaceHubScreenshot21,520,Relative path (or URL to file in Partner Center),,,,,,,,,,,,,,,,,,,,,,,,,,,,,,
SurfaceHubScreenshot22,521,Relative path (or URL to file in Partner Center),,,,,,,,,,,,,,,,,,,,,,,,,,,,,,
SurfaceHubScreenshot23,522,Relative path (or URL to file in Partner Center),,,,,,,,,,,,,,,,,,,,,,,,,,,,,,
SurfaceHubScreenshot24,523,Relative path (or URL to file in Partner Center),,,,,,,,,,,,,,,,,,,,,,,,,,,,,,
SurfaceHubScreenshot25,524,Relative path (or URL to file in Partner Center),,,,,,,,,,,,,,,,,,,,,,,,,,,,,,
SurfaceHubScreenshot26,525,Relative path (or URL to file in Partner Center),,,,,,,,,,,,,,,,,,,,,,,,,,,,,,
SurfaceHubScreenshot27,526,Relative path (or URL to file in Partner Center),,,,,,,,,,,,,,,,,,,,,,,,,,,,,,
SurfaceHubScreenshot28,527,Relative path (or URL to file in Partner Center),,,,,,,,,,,,,,,,,,,,,,,,,,,,,,
SurfaceHubScreenshot29,528,Relative path (or URL to file in Partner Center),,,,,,,,,,,,,,,,,,,,,,,,,,,,,,
SurfaceHubScreenshot30,529,Relative path (or URL to file in Partner Center),,,,,,,,,,,,,,,,,,,,,,,,,,,,,,
SurfaceHubScreenshotCaption11,560,Text,,,,,,,,,,,,,,,,,,,,,,,,,,,,,,
SurfaceHubScreenshotCaption12,561,Text,,,,,,,,,,,,,,,,,,,,,,,,,,,,,,
SurfaceHubScreenshotCaption13,562,Text,,,,,,,,,,,,,,,,,,,,,,,,,,,,,,
SurfaceHubScreenshotCaption14,563,Text,,,,,,,,,,,,,,,,,,,,,,,,,,,,,,
SurfaceHubScreenshotCaption15,564,Text,,,,,,,,,,,,,,,,,,,,,,,,,,,,,,
SurfaceHubScreenshotCaption16,565,Text,,,,,,,,,,,,,,,,,,,,,,,,,,,,,,
SurfaceHubScreenshotCaption17,566,Text,,,,,,,,,,,,,,,,,,,,,,,,,,,,,,
SurfaceHubScreenshotCaption18,567,Text,,,,,,,,,,,,,,,,,,,,,,,,,,,,,,
SurfaceHubScreenshotCaption19,568,Text,,,,,,,,,,,,,,,,,,,,,,,,,,,,,,
SurfaceHubScreenshotCaption20,569,Text,,,,,,,,,,,,,,,,,,,,,,,,,,,,,,
SurfaceHubScreenshotCaption21,570,Text,,,,,,,,,,,,,,,,,,,,,,,,,,,,,,
SurfaceHubScreenshotCaption22,571,Text,,,,,,,,,,,,,,,,,,,,,,,,,,,,,,
SurfaceHubScreenshotCaption23,572,Text,,,,,,,,,,,,,,,,,,,,,,,,,,,,,,
SurfaceHubScreenshotCaption24,573,Text,,,,,,,,,,,,,,,,,,,,,,,,,,,,,,
SurfaceHubScreenshotCaption25,574,Text,,,,,,,,,,,,,,,,,,,,,,,,,,,,,,
SurfaceHubScreenshotCaption26,575,Text,,,,,,,,,,,,,,,,,,,,,,,,,,,,,,
SurfaceHubScreenshotCaption27,576,Text,,,,,,,,,,,,,,,,,,,,,,,,,,,,,,
SurfaceHubScreenshotCaption28,577,Text,,,,,,,,,,,,,,,,,,,,,,,,,,,,,,
SurfaceHubScreenshotCaption29,578,Text,,,,,,,,,,,,,,,,,,,,,,,,,,,,,,
SurfaceHubScreenshotCaption30,579,Text,,,,,,,,,,,,,,,,,,,,,,,,,,,,,,
StoreLogo720x1080,600,Relative path (or URL to file in Partner Center),,,,,,,,,,,,,,,,,,,,,,,,,,,,,,
StoreLogo1080x1080,601,Relative path (or URL to file in Partner Center),,https://developer.microsoft.com/en-us/dashboard/apps/9P3VT115SBM1/submissions/1152921505701602571/listings/1152922700026582045/listingassets/3024321594923931371,https://developer.microsoft.com/en-us/dashboard/apps/9P3VT115SBM1/submissions/1152921505701602571/listings/1152922700026582535/listingassets/3024321594923931371,https://developer.microsoft.com/en-us/dashboard/apps/9P3VT115SBM1/submissions/1152921505701602571/listings/1152922700026582537/listingassets/3024321594923931371,https://developer.microsoft.com/en-us/dashboard/apps/9P3VT115SBM1/submissions/1152921505701602571/listings/1152922700026582539/listingassets/3024321594923931371,https://developer.microsoft.com/en-us/dashboard/apps/9P3VT115SBM1/submissions/1152921505701602571/listings/1152922700026582541/listingassets/3024321594923931371,https://developer.microsoft.com/en-us/dashboard/apps/9P3VT115SBM1/submissions/1152921505701602571/listings/1152922700026582543/listingassets/3024321594923931371,https://developer.microsoft.com/en-us/dashboard/apps/9P3VT115SBM1/submissions/1152921505701602571/listings/1152922700026582545/listingassets/3024321594923931371,https://developer.microsoft.com/en-us/dashboard/apps/9P3VT115SBM1/submissions/1152921505701602571/listings/1152922700026582547/listingassets/3024321594923931371,https://developer.microsoft.com/en-us/dashboard/apps/9P3VT115SBM1/submissions/1152921505701602571/listings/1152922700026582549/listingassets/3024321594923931371,https://developer.microsoft.com/en-us/dashboard/apps/9P3VT115SBM1/submissions/1152921505701602571/listings/1152922700026582551/listingassets/3024321594923931371,https://developer.microsoft.com/en-us/dashboard/apps/9P3VT115SBM1/submissions/1152921505701602571/listings/1152922700026582553/listingassets/3024321594923931371,https://developer.microsoft.com/en-us/dashboard/apps/9P3VT115SBM1/submissions/1152921505701602571/listings/1152922700026582555/listingassets/3024321594923931371,https://developer.microsoft.com/en-us/dashboard/apps/9P3VT115SBM1/submissions/1152921505701602571/listings/1152922700026582557/listingassets/3024321594923931371,https://developer.microsoft.com/en-us/dashboard/apps/9P3VT115SBM1/submissions/1152921505701602571/listings/1152922700026582769/listingassets/3024321594923931371,https://developer.microsoft.com/en-us/dashboard/apps/9P3VT115SBM1/submissions/1152921505701602571/listings/1152922700026582741/listingassets/3024321594923931371,https://developer.microsoft.com/en-us/dashboard/apps/9P3VT115SBM1/submissions/1152921505701602571/listings/1152922700026582742/listingassets/3024321594923931371,https://developer.microsoft.com/en-us/dashboard/apps/9P3VT115SBM1/submissions/1152921505701602571/listings/1152922700026582767/listingassets/3024321594923931371,https://developer.microsoft.com/en-us/dashboard/apps/9P3VT115SBM1/submissions/1152921505701602571/listings/1152922700026582745/listingassets/3024321594923931371,https://developer.microsoft.com/en-us/dashboard/apps/9P3VT115SBM1/submissions/1152921505701602571/listings/1152922700026582765/listingassets/3024321594923931371,https://developer.microsoft.com/en-us/dashboard/apps/9P3VT115SBM1/submissions/1152921505701602571/listings/1152922700026582764/listingassets/3024321594923931371,https://developer.microsoft.com/en-us/dashboard/apps/9P3VT115SBM1/submissions/1152921505701602571/listings/1152922700026582748/listingassets/3024321594923931371,https://developer.microsoft.com/en-us/dashboard/apps/9P3VT115SBM1/submissions/1152921505701602571/listings/1152922700026582762/listingassets/3024321594923931371,https://developer.microsoft.com/en-us/dashboard/apps/9P3VT115SBM1/submissions/1152921505701602571/listings/1152922700026582750/listingassets/3024321594923931371,https://developer.microsoft.com/en-us/dashboard/apps/9P3VT115SBM1/submissions/1152921505701602571/listings/1152922700026582752/listingassets/3024321594923931371,https://developer.microsoft.com/en-us/dashboard/apps/9P3VT115SBM1/submissions/1152921505701602571/listings/1152922700026582754/listingassets/3024321594923931371,https://developer.microsoft.com/en-us/dashboard/apps/9P3VT115SBM1/submissions/1152921505701602571/listings/1152922700026582756/listingassets/3024321594923931371,https://developer.microsoft.com/en-us/dashboard/apps/9P3VT115SBM1/submissions/1152921505701602571/listings/1152922700026582761/listingassets/3024321594923931371,https://developer.microsoft.com/en-us/dashboard/apps/9P3VT115SBM1/submissions/1152921505701602571/listings/1152922700026582759/listingassets/3024321594923931371,https://developer.microsoft.com/en-us/dashboard/apps/9P3VT115SBM1/submissions/1152921505701602571/listings/1152922700026582799/listingassets/3024321594923931371
StoreLogo300x300,602,Relative path (or URL to file in Partner Center),,https://developer.microsoft.com/en-us/dashboard/apps/9P3VT115SBM1/submissions/1152921505701602571/listings/1152922700026582045/listingassets/3026326947174648419,https://developer.microsoft.com/en-us/dashboard/apps/9P3VT115SBM1/submissions/1152921505701602571/listings/1152922700026582535/listingassets/3026326947174648419,https://developer.microsoft.com/en-us/dashboard/apps/9P3VT115SBM1/submissions/1152921505701602571/listings/1152922700026582537/listingassets/3026326947174648419,https://developer.microsoft.com/en-us/dashboard/apps/9P3VT115SBM1/submissions/1152921505701602571/listings/1152922700026582539/listingassets/3026326947174648419,https://developer.microsoft.com/en-us/dashboard/apps/9P3VT115SBM1/submissions/1152921505701602571/listings/1152922700026582541/listingassets/3026326947174648419,https://developer.microsoft.com/en-us/dashboard/apps/9P3VT115SBM1/submissions/1152921505701602571/listings/1152922700026582543/listingassets/3026326947174648419,https://developer.microsoft.com/en-us/dashboard/apps/9P3VT115SBM1/submissions/1152921505701602571/listings/1152922700026582545/listingassets/3026326947174648419,https://developer.microsoft.com/en-us/dashboard/apps/9P3VT115SBM1/submissions/1152921505701602571/listings/1152922700026582547/listingassets/3026326947174648419,https://developer.microsoft.com/en-us/dashboard/apps/9P3VT115SBM1/submissions/1152921505701602571/listings/1152922700026582549/listingassets/3026326947174648419,https://developer.microsoft.com/en-us/dashboard/apps/9P3VT115SBM1/submissions/1152921505701602571/listings/1152922700026582551/listingassets/3026326947174648419,https://developer.microsoft.com/en-us/dashboard/apps/9P3VT115SBM1/submissions/1152921505701602571/listings/1152922700026582553/listingassets/3026326947174648419,https://developer.microsoft.com/en-us/dashboard/apps/9P3VT115SBM1/submissions/1152921505701602571/listings/1152922700026582555/listingassets/3026326947174648419,https://developer.microsoft.com/en-us/dashboard/apps/9P3VT115SBM1/submissions/1152921505701602571/listings/1152922700026582557/listingassets/3026326947174648419,https://developer.microsoft.com/en-us/dashboard/apps/9P3VT115SBM1/submissions/1152921505701602571/listings/1152922700026582769/listingassets/3026326947174648419,https://developer.microsoft.com/en-us/dashboard/apps/9P3VT115SBM1/submissions/1152921505701602571/listings/1152922700026582741/listingassets/3026326947174648419,https://developer.microsoft.com/en-us/dashboard/apps/9P3VT115SBM1/submissions/1152921505701602571/listings/1152922700026582742/listingassets/3026326947174648419,https://developer.microsoft.com/en-us/dashboard/apps/9P3VT115SBM1/submissions/1152921505701602571/listings/1152922700026582767/listingassets/3026326947174648419,https://developer.microsoft.com/en-us/dashboard/apps/9P3VT115SBM1/submissions/1152921505701602571/listings/1152922700026582745/listingassets/3026326947174648419,https://developer.microsoft.com/en-us/dashboard/apps/9P3VT115SBM1/submissions/1152921505701602571/listings/1152922700026582765/listingassets/3026326947174648419,https://developer.microsoft.com/en-us/dashboard/apps/9P3VT115SBM1/submissions/1152921505701602571/listings/1152922700026582764/listingassets/3026326947174648419,https://developer.microsoft.com/en-us/dashboard/apps/9P3VT115SBM1/submissions/1152921505701602571/listings/1152922700026582748/listingassets/3026326947174648419,https://developer.microsoft.com/en-us/dashboard/apps/9P3VT115SBM1/submissions/1152921505701602571/listings/1152922700026582762/listingassets/3026326947174648419,https://developer.microsoft.com/en-us/dashboard/apps/9P3VT115SBM1/submissions/1152921505701602571/listings/1152922700026582750/listingassets/3026326947174648419,https://developer.microsoft.com/en-us/dashboard/apps/9P3VT115SBM1/submissions/1152921505701602571/listings/1152922700026582752/listingassets/3026326947174648419,https://developer.microsoft.com/en-us/dashboard/apps/9P3VT115SBM1/submissions/1152921505701602571/listings/1152922700026582754/listingassets/3026326947174648419,https://developer.microsoft.com/en-us/dashboard/apps/9P3VT115SBM1/submissions/1152921505701602571/listings/1152922700026582756/listingassets/3026326947174648419,https://developer.microsoft.com/en-us/dashboard/apps/9P3VT115SBM1/submissions/1152921505701602571/listings/1152922700026582761/listingassets/3026326947174648419,https://developer.microsoft.com/en-us/dashboard/apps/9P3VT115SBM1/submissions/1152921505701602571/listings/1152922700026582759/listingassets/3026326947174648419,https://developer.microsoft.com/en-us/dashboard/apps/9P3VT115SBM1/submissions/1152921505701602571/listings/1152922700026582799/listingassets/3026326947174648419
OverrideLogosForWin10,603,True/False,,False,False,False,False,False,False,False,False,False,False,False,False,False,False,False,False,False,False,False,False,False,False,False,False,False,False,False,False,False
StoreLogoOverride150x150,604,Relative path (or URL to file in Partner Center),,,,,,,,,,,,,,,,,,,,,,,,,,,,,,
StoreLogoOverride71x71,605,Relative path (or URL to file in Partner Center),,,,,,,,,,,,,,,,,,,,,,,,,,,,,,
PromoImage1920x1080,606,Relative path (or URL to file in Partner Center),,,,,,,,,,,,,,,,,,,,,,,,,,,,,,
PromoImage2400x1200,607,Relative path (or URL to file in Partner Center),,,,,,,,,,,,,,,,,,,,,,,,,,,,,,
XboxBrandedKeyArt584x800,608,Relative path (or URL to file in Partner Center),,,,,,,,,,,,,,,,,,,,,,,,,,,,,,
XboxTitledHero1920x1080,609,Relative path (or URL to file in Partner Center),,,,,,,,,,,,,,,,,,,,,,,,,,,,,,
XboxFeaturedPromo1080x1080,610,Relative path (or URL to file in Partner Center),,,,,,,,,,,,,,,,,,,,,,,,,,,,,,
OptionalPromo358x358,611,Relative path (or URL to file in Partner Center),,,,,,,,,,,,,,,,,,,,,,,,,,,,,,
OptionalPromo1000x800,612,Relative path (or URL to file in Partner Center),,,,,,,,,,,,,,,,,,,,,,,,,,,,,,
OptionalPromo414x180,613,Relative path (or URL to file in Partner Center),,,,,,,,,,,,,,,,,,,,,,,,,,,,,,
Feature1,700,Text,Open recent files from the Windows taskbar in one click,Open recent files from the Windows taskbar in one click,فتح أحدث الملفات من شريط مهام Windows بنقرة واحدة,Otevřete nedávné soubory z panelu úloh Windows jedním kliknutím,Åbn seneste filer fra Windows-proceslinjen med et klik,Zuletzt verwendete Dateien mit einem Klick von der Windows-Taskleiste öffnen,Άνοιγμα πρόσφατων αρχείων από τη γραμμή εργασιών του Windows με ένα κλικ,Abrir archivos recientes desde la barra de tareas de Windows con un clic,Avaa viimeisimmät tiedostot Windowsin tehtäväpalkista yhdellä napsautuksella,Ouvrir les fichiers récents depuis la barre des tâches Windows en un clic,פתיחת קבצים אחרונים משורת המשימות של Windows בלחיצה אחת,Windows टास्कबार से एक क्लिक में हाल की फ़ाइलें खोलें,Legutóbbi fájlok megnyitása a Windows feladatsávról egy kattintással,Buka file terbaru dari taskbar Windows dengan satu klik,Apri i file recenti dalla barra delle applicazioni di Windows con un clic,Windows タスクバーからワンクリックで最近使ったファイルを開く,Windows 작업 표시줄에서 한 번의 클릭으로 최근 파일 열기,Åpne siste filer fra Windows-oppgavelinjen med et klikk,Open recente bestanden vanaf de Windows-taakbalk met één klik,Otwórz ostatnie pliki z paska zadań Windows jednym kliknięciem,Abrir arquivos recentes da barra de tarefas do Windows com um clique,Deschideți fișiere recente din bara de activități Windows cu un click,Открывайте недавние файлы с панели задач Windows одним щелчком,Öppna senaste filer från Windows-aktivitetsfältet med ett klick,Fungua faili za hivi karibuni kutoka ubao wa kazi wa Windows kwa bofya moja,เปิดไฟล์ล่าสุดจากแถบงาน Windows ด้วยคลิกเดียว,Windows görev çubuğundan en son dosyaları tek tıklamayla açın,Відкривайте нещодавні файли з панелі завдань Windows одним кліком,Mở các tập tin gần đây từ thanh tác vụ Windows bằng một nhấp,一键从 Windows 任务栏打开最近的文件
Feature2,701,Text,"Point at any local folder, including OneDrive, Dropbox, and Google Drive","Point at any local folder, including OneDrive, Dropbox, and Google Drive",أشر إلى مجلد محلي، بما في ذلك OneDrive و Dropbox و Google Drive,"Namiřte na místní složku, včetně OneDrive, Dropbox a Google Drive","Peg på en lokal mappe, inklusiv OneDrive, Dropbox og Google Drive","Auf einen lokalen Ordner zeigen, einschließlich OneDrive, Dropbox und Google Drive","Δείξτε σε τοπικό φάκελο, συμπεριλαμβανομένων OneDrive, Dropbox και Google Drive","Apuntar a una carpeta local, incluidas OneDrive, Dropbox y Google Drive","Osoita paikalliseen kansioon, mukana OneDrive, Dropbox ja Google Drive","Pointer vers un dossier local, y compris OneDrive, Dropbox et Google Drive","הצבע על תיקייה מקומית, כולל OneDrive, Dropbox ו- Google Drive","किसी स्थानीय फ़ोल्डर की ओर इशारा करें, जिसमें OneDrive, Dropbox और Google Drive शामिल हैं","Mutasson helyi mappára, beleértve OneDrive, Dropbox és Google Drive","Arahkan ke folder lokal, termasuk OneDrive, Dropbox, dan Google Drive","Punta a una cartella locale, inclusi OneDrive, Dropbox e Google Drive",OneDrive、Dropbox、Google Drive を含むローカルフォルダーを指定,"OneDrive, Dropbox 및 Google Drive를 포함한 로컬 폴더 지정","Pek på en lokal mappe, inkludert OneDrive, Dropbox og Google Drive","Wijs naar een lokale map, inclusief OneDrive, Dropbox en Google Drive","Wskaż folder lokalny, włączając OneDrive, Dropbox i Google Drive","Apontar para uma pasta local, incluindo OneDrive, Dropbox e Google Drive","Indicați un folder local, inclusiv OneDrive, Dropbox și Google Drive","Укажите на локальную папку, включая OneDrive, Dropbox и Google Drive","Peka på en lokal mapp, inklusive OneDrive, Dropbox och Google Drive","Elekeza kwenye folda ya karibu, ikiwa ni pamoja na OneDrive, Dropbox, na Google Drive","ชี้ไปที่โฟลเดอร์ในเครื่อง รวมถึง OneDrive, Dropbox และ Google Drive","OneDrive, Dropbox ve Google Drive dahil yerel bir klasöre işaret edin","Вкажіть на локальну папку, включаючи OneDrive, Dropbox та Google Drive","Chỉ đến thư mục cục bộ, bao gồm OneDrive, Dropbox và Google Drive",指向本地文件夹，包括 OneDrive、Dropbox 和 Google Drive
Feature3,702,Text,"Five animation styles: Fan, Glide, Spring, Fade, or None","Five animation styles: Fan, Glide, Spring, Fade, or None",خمسة أنماط للرسوم المتحركة: مروحة، انزلاق، زنبرك، تلاشٍ أو لا شيء,"Pět stylů animace: Vějíř, Klouzání, Pružina, Blednutí nebo Žádné","Fem animationsstilarter: Vifte, Gli, Fjeder, Tone ind eller Ingen","Fünf Animationsstile: Fächer, Gleiten, Feder, Einblenden oder Keine","Πέντε στυλ κίνησης: Βεντάνια, Ολίσθηση, Ελατήριο, Ξεθώριασμα ή Κανένα","Cinco estilos de animación: Abanico, Deslizamiento, Resorte, Desvanecimiento o Ninguno","Viisi animaatiotyyliä: Tuuliviivi, Liukuminen, Jousi, Häivytys tai Ei mitään","Cinq styles d'animation: Éventail, Glissement, Ressort, Fondu ou Aucun","חמישה סגנונות אנימציה: מניפה, החלקה, קפיץ, דהייה או ללא","पाँच एनिमेशन शैलियाँ: पंखा, ग्लाइड, स्प्रिंग, फेड या कोई नहीं","Öt animációs stílus: Legyező, Súrlódás, Rugó, Eltűnés vagy Nincs","Lima gaya animasi: Kipas, Geser, Pegas, Layang, atau Tidak ada","Cinque stili di animazione: Ventaglio, Scorrimento, Molla, Dissolvenza o Nessuno",5つのアニメーションスタイル: 扇形、スライド、スプリング、フェード、なし,"다섯 가지 애니메이션 스타일: 부채, 미끄러짐, 스프링, 페이드 또는 없음","Fem animasjonsstiler: Vifte, Gli, Fjær, Ton inn eller Ingen","Vijf animatiestijlen: Waaier, Glijden, Veer, Invallen of Geen","Pięć stylów animacji: Wachlarz, Poślizg, Sprężyna, Zanikanie lub Brak","Cinco estilos de animação: Leque, Deslizar, Mola, Esmaecer ou Nenhum","Cinci stiluri de animație: Evantai, Alunecare, Arc, Estompare sau Nimic","Пять стилей анимации: Веер, Скольжение, Пружина, Затухание или Нет","Fem animationsstilar: Blad, Glid, Fjäder, Tona in eller Ingen","Mitindo mitano ya uhuishaji: Upepo, Teleza, Maji, Fifia, au Hakuna","ห้าสไตล์แอนิเมชัน: พัด, เลื่อน, สปริง, จางหาย หรือไม่มี","Beş animasyon stili: Yelpaze, Kayma, Yay, Solma veya Yok","П'ять стилів анімації: Віятель, Ковзання, Пружина, Згасання або Немає","Năm kiểu động hóa: Quạt, Trượt, Lò xo, Phai dần hoặc Không",五种动画样式: 扇形、滑动、弹簧、淡入淡出或无
Feature4,703,Text,"Open files, drag them into apps, or use the Windows shell context menu","Open files, drag them into apps, or use the Windows shell context menu",فتح الملفات، سحبها إلى التطبيقات، أو استخدام قائمة سياق Windows,"Otevřete soubory, přetáhněte je do aplikací nebo použijte kontextové menu Windows","Åbn filer, træk dem over i programmer, eller brug Windows' kontekstmenu","Dateien öffnen, in Apps ziehen oder das Windows-Kontextmenü verwenden","Άνοιγμα αρχείων, σύρσιμο σε εφαρμογές, ή χρήση του μενού συντομεύσεων του Windows","Abrir archivos, arrastrarlos a aplicaciones, o usar el menú contextual de Windows","Avaa tiedostoja, raahaa niitä sovelluksiin tai käytä Windowsin käyttövalikkoa","Ouvrir des fichiers, les faire glisser dans des applications, ou utiliser le menu contextuel Windows","פתיחת קבצים, גרירתם ליישומים, או שימוש בתפריט ההקשר של Windows","फ़ाइलें खोलें, उन्हें ऐप्स में खींचें, या Windows कॉन्टेक्स्ट मेन्यू का उपयोग करें","Fájlok megnyitása, áthúzása alkalmazásokba, vagy a Windows helyi menü használata","Buka file, seret ke aplikasi, atau gunakan menu konteks Windows","Apri file, trascinali nelle app, o usa il menu contestuale di Windows",ファイルを開く、アプリにドラッグ、または Windows コンテキストメニューを使用,"파일 열기, 앱으로 끌어다 놓기 또는 Windows 컨텍스트 메뉴 사용","Åpne filer, dra dem til programmer, eller bruk Windows' kontekstmeny","Open bestanden, sleep ze naar apps, of gebruik het Windows-contextmenu","Otwórz pliki, przeciągnij je do aplikacji lub użyj menu kontekstowego Windows","Abrir arquivos, arrastá-los para aplicativos, ou usar o menu de contexto do Windows","Deschideți fișiere, trageți-le în aplicații, sau folosiți meniul contextual Windows","Открывайте файлы, перетаскивайте их в приложения или используйте контекстное меню Windows","Öppna filer, dra dem till program, eller använd Windows kontextmeny","Fungua faili, bizibisha kwenye programu, au tumia menyu ya muktadha ya Windows",เปิดไฟล์ ลากไปยังแอป หรือใช้เมนูบริบทของ Windows,"Dosyaları açın, uygulamalara sürükleyin veya Windows sağ tık menüsünü kullanın","Відкривайте файли, перетягуйте їх у програми або використовуйте контекстне меню Windows","Mở tập tin, kéo chúng vào ứng dụng hoặc dùng menu ngữ cảnh Windows",打开文件、拖入应用或使用 Windows 上下文菜单
Feature5,704,Text,"Sort by modified date, creation date, or name","Sort by modified date, creation date, or name",الفرز حسب تاريخ التعديل، تاريخ الإنشاء أو الاسم,"Třídění podle data úpravy, vytvoření nebo názvu","Sorter efter ændringsdato, oprettelsesdato eller navn","Sortieren nach Änderungsdatum, Erstellungsdatum oder Name","Ταξινόμηση ανά ημερομηνία τροποποίησης, ημερομηνία δημιουργίας ή όνομα","Ordenar por fecha de modificación, fecha de creación o nombre","Lajittele muokkauspäivän, luomispäivän tai nimen mukaan","Trier par date de modification, date de création ou nom","מיון לפי תאריך שינוי, תאריך יצירה או שם","संशोधन तिथि, निर्माण तिथि या नाम से सॉर्ट करें","Rendezés módosítás dátuma, létrehozás dátuma vagy név szerint","Urutkan berdasarkan tanggal modifikasi, tanggal pembuatan, atau nama","Ordina per data di modifica, data di creazione o nome",更新日、作成日、または名前で並べ替え,"수정 날짜, 만든 날짜 또는 이름으로 정렬","Sorter etter endringsdato, opprettelsesdato eller navn","Sorteer op wijzigingsdatum, aanmaakdatum of naam","Sortuj według daty modyfikacji, daty utworzenia lub nazwy","Ordenar por data de modificação, data de criação ou nome","Sortați după data modificării, data creării sau nume","Сортируйте по дате изменения, дате создания или имени","Sortera efter ändringsdatum, skapelsedatum eller namn","Panga kwa tarehe ya ubadilishaji, tarehe ya uundaji, au jina",เรียงตามวันที่แก้ไข วันที่สร้าง หรือชื่อ,"Değiştirme tarihine, oluşturma tarihine veya ada göre sırala","Сортуйте за датою зміни, датою створення або назвою","Sắp xếp theo ngày sửa đổi, ngày tạo hoặc tên",按修改日期、创建日期或名称排序
Feature6,705,Text,Filter filenames with a regular expression,Filter filenames with a regular expression,تصفية أسماء الملفات بتعبير منتظم,Filtrování názvů souborů regulárním výrazem,Filtrér filnavne med et regulært udtryk,Dateinamen mit einem regulären Ausdruck filtern,Φιλτράρισμα ονομασιών αρχείων με κανονική έκφραση,Filtrar nombres de archivo con una expresión regular,Suodata tiedostonimiä säännöllisellä lausekkeella,Filtrer les noms de fichiers avec une expression régulière,סינון שמות קבצים בביטוי רגולרי,रेगुलर एक्सप्रेशन के साथ फ़ाइलनाम फ़िल्टर करें,Fájlnevek szűrése reguláris kifejezéssel,Filter nama file dengan ekspresi reguler,Filtra i nomi dei file con un'espressione regolare,正規表現でファイル名をフィルター,정규식으로 파일 이름 필터링,Filtrer filnavn med et vanlig uttrykk,Filter bestandsnamen met een reguliere expressie,Filtruj nazwy plików za pomocą wyrażenia regularnego,Filtrar nomes de arquivo com uma expressão regular,Filtrați numele fișierelor cu o expresie regulată,Фильтруйте имена файлов с помощью регулярного выражения,Filtrera filnamn med ett reguljärt uttryck,Chuja majina ya faili kwa usemaziwa kanuni,กรองชื่อไฟล์ด้วยนิพจน์ปกติ,Dosya adlarını düzenli ifadeyle filtrele,Фільтруйте імена файлів регулярним виразом,Lọc tên tập tin bằng biểu thức chính quy,使用正则表达式过滤文件名
Feature7,706,Text,"Set item count, folder visibility, and file extension display","Set item count, folder visibility, and file extension display",تعيين عدد العناصر، ظهور المجلد وعرض امتدادات الملفات,"Nastavení počtu položek, viditelnosti složek a zobrazení přípon","Indstil antal elementer, mappevisning og visning af filtypenavne","Elementanzahl, Ordnersichtbarkeit und Dateierweiterungsanzeige festlegen","Ορισμός αριθμού στοιχείων, ορατότητας φακέλων και εμφάνισης επεκτάσεων","Configurar recuento de elementos, visibilidad de carpetas y extensiones de archivo","Aseta kohteiden määrä, kansioiden näkyvyys ja tiedostopäätteiden näyttö","Définir le nombre d'éléments, la visibilité des dossiers et l'affichage des extensions","הגדרת מספר פריטים, נראות תיקיות ותצוגת סיומות קבצים","आइटम संख्या, फ़ोल्डर दृश्यता और फ़ाइल एक्सटेंशन प्रदर्शन सेट करें","Elemek számának, mappák láthatóságának és kiterjesztések megjelenítésének beállítása","Atur jumlah item, visibilitas folder, dan tampilan ekstensi file","Imposta numero di elementi, visibilità delle cartelle e estensioni dei file",アイテム数、フォルダーの表示、ファイル拡張子の表示を設定,"항목 수, 폴더 표시 및 파일 확장자 표시 설정","Angi antall elementer, mappevisning og visning av filutvidelser","Stel aantal items, mapzichtbaarheid en bestandsextensie-weergave in","Ustaw liczbę elementów, widoczność folderów i wyświetlanie rozszerzeń","Definir número de itens, visibilidade de pastas e exibição de extensões","Setați numărul de elemente, vizibilitatea folderelor și afișarea extensiilor","Настройте количество элементов, видимость папок и отображение расширений","Ställ in antal objekt, mappsynlighet och visning av filändelser","Weka idadi ya vitu, kuonekana kwa folda, na onyesho la nyongeza za faili",ตั้งค่าจำนวนรายการ การมองเห็นโฟลเดอร์ และการแสดงนามสกุลไฟล์,"Öğe sayısını, klasör görünürlüğünü ve dosya uzantısı görünümünü ayarla","Налаштуйте кількість елементів, видимість папок та відображення розширень","Đặt số lượng mục, hiển thị thư mục và hiển thị phần mở rộng",设置项目数量、文件夹可见性和文件扩展名显示
Feature8,707,Text,Uses native Windows icons and file thumbnails,Uses native Windows icons and file thumbnails,يستخدم أيقونات Windows الأصلية ومصغرات الملفات,Používá nativní ikony a miniatury souborů Windows,Bruger Windows' egne ikoner og filminiaturebilleder,Verwendet native Windows-Symbole und Dateiminaturansichten,Χρησιμοποιεί τις εγγενείς εικόνες και τις μικρογραφίες αρχείων του Windows,Usa iconos y miniaturas de archivos nativos de Windows,Käyttää Windowsin omia kuvakkeita ja tiedostojen pikkukuvia,Utilise les icônes et les miniatures de fichiers natives de Windows,משתמש בסמלים ותמונות ממוזערות מקוריים של Windows,Windows के मूल आइकन और फ़ाइल थंबनेल का उपयोग करता है,A Windows natív ikonjait és fájlkicsinyítéseit használja,Menggunakan ikon asli Windows dan thumbnail file,Usa le icone e le miniature dei file native di Windows,Windows ネイティブのアイコンとファイルサムネイルを使用,Windows 자체 아이콘 및 파일 축소판 사용,Bruker Windows' egne ikoner og filminiatyrer,Gebruikt eigen Windows-pictogrammen en bestandsminiaturen,Używa natywnych ikon i miniatur plików Windows,Usa ícones e miniaturas de arquivo nativos do Windows,Folosește pictograme și thumbnail-uri native Windows,Использует собственные значки и эскизы файлов Windows,Använder Windows egna ikoner och filminiatyrer,Inatumia ikoni za asilia za Windows na picha ndogo za faili,ใช้ไอคอนและภาพขนาดย่อของ Windows แบบดั้งเดิม,Windows'un kendi simgelerini ve dosya küçük resimlerini kullanır,Використовує власні піктограми та ескізи файлів Windows,Sử dụng biểu tượng và hình thu nhỏ tập tin sẵn có của Windows,使用 Windows 原生图标和文件缩略图
Feature9,708,Text,"Per-user install, no administrator rights needed","Per-user install, no administrator rights needed",تثبيت لكل مستخدم، لا حقوق مسؤول مطلوبة,"Instalace pro uživatele, bez práv administrátora","Installation pr. bruger, ingen administratorrettigheder nødvendige","Installation pro Benutzer, keine Administratorrechte erforderlich","Εγκατάσταση ανά χρήστη, χωρίς δικαιώματα διαχειριστή","Instalación por usuario, sin permisos de administrador","Asennus käyttäjäkohtainen, ei järjestelmänvalvojan oikeuksia","Installation par utilisateur, aucun droit d'administrateur requis","התקנה לכל משתמש, אין צורך בהרשאות מנהל","प्रति-उपयोगकर्ता इंस्टॉल, कोई एडमिन अधिकार नहीं चाहिए","Felhasználónkénti telepítés, rendszergazdai jogosultság nem szükséges","Pemasangan per pengguna, tidak perlu hak administrator","Installazione per utente, nessun diritto di amministratore necessario",ユーザーごとのインストール、管理者権限不要,"사용자별 설치, 관리자 권한 불필요","Installasjon per bruker, ingen administratorrettigheter nødvendig","Installatie per gebruiker, geen beheerdersrechten nodig","Instalacja na użytkownika, bez uprawnień administratora","Instalação por usuário, sem direitos de administrador necessários","Instalare per utilizator, fără drepturi de administrator","Установка для каждого пользователя, не требуются права администратора","Installation per användare, inga administratörsrättigheter behövs","Usakinishaji kwa kila mtumiaji, hakuna haki za msimamizi zinazohitajika",ติดตั้งต่อผู้ใช้ ไม่ต้องมีสิทธิ์ผู้ดูแลระบบ,"Kullanıcı başına yükleme, yönetici hakları gerekmez","Встановлення для кожного користувача, не потрібні права адміністратора","Cài đặt theo từng người dùng, không cần quyền quản trị",按用户安装，无需管理员权限
Feature10,709,Text,"Runs on Windows 10 and Windows 11, x64 and ARM64","Runs on Windows 10 and Windows 11, x64 and ARM64",يعمل على Windows 10 و Windows 11، x64 و ARM64,"Běží na Windows 10 a Windows 11, x64 a ARM64","Kører på Windows 10 og Windows 11, x64 og ARM64","Läuft auf Windows 10 und Windows 11, x64 und ARM64","Τρέχει σε Windows 10 και Windows 11, x64 και ARM64","Funciona en Windows 10 y Windows 11, x64 y ARM64","Toimii Windows 10:ssä ja Windows 11:ssä, x64 ja ARM64","Fonctionne sur Windows 10 et Windows 11, x64 et ARM64","פועל על Windows 10 ו- Windows 11, x64 ו- ARM64","Windows 10 और Windows 11 पर चलता है, x64 और ARM64","Windows 10 és Windows 11 rendszereken működik, x64 és ARM64","Berjalan di Windows 10 dan Windows 11, x64 dan ARM64","Funziona su Windows 10 e Windows 11, x64 e ARM64",Windows 10 と Windows 11、x64 と ARM64 で動作,"Windows 10 및 Windows 11, x64 및 ARM64에서 실행","Kjører på Windows 10 og Windows 11, x64 og ARM64","Draait op Windows 10 en Windows 11, x64 en ARM64","Działa na Windows 10 i Windows 11, x64 i ARM64","Executa em Windows 10 e Windows 11, x64 e ARM64","Rulează pe Windows 10 și Windows 11, x64 și ARM64","Работает на Windows 10 и Windows 11, x64 и ARM64","Körs på Windows 10 och Windows 11, x64 och ARM64","Inafanya kazi kwenye Windows 10 na Windows 11, x64 na ARM64","ทำงานบน Windows 10 และ Windows 11, x64 และ ARM64","Windows 10 ve Windows 11'de çalışır, x64 ve ARM64","Працює на Windows 10 та Windows 11, x64 та ARM64","Chạy trên Windows 10 và Windows 11, x64 và ARM64",在 Windows 10 和 Windows 11 上运行，支持 x64 和 ARM64
Feature11,710,Text,,,,,,,,,,,,,,,,,,,,,,,,,,,,,,
Feature12,711,Text,,,,,,,,,,,,,,,,,,,,,,,,,,,,,,
Feature13,712,Text,,,,,,,,,,,,,,,,,,,,,,,,,,,,,,
Feature14,713,Text,,,,,,,,,,,,,,,,,,,,,,,,,,,,,,
Feature15,714,Text,,,,,,,,,,,,,,,,,,,,,,,,,,,,,,
Feature16,715,Text,,,,,,,,,,,,,,,,,,,,,,,,,,,,,,
Feature17,716,Text,,,,,,,,,,,,,,,,,,,,,,,,,,,,,,
Feature18,717,Text,,,,,,,,,,,,,,,,,,,,,,,,,,,,,,
Feature19,718,Text,,,,,,,,,,,,,,,,,,,,,,,,,,,,,,
Feature20,719,Text,,,,,,,,,,,,,,,,,,,,,,,,,,,,,,
MinimumHardwareReq1,800,Text,Windows 10 version 2004 or later,Windows 10 version 2004 or later,Windows 10 إصدار 2004 أو أحدث,Windows 10 verze 2004 nebo novější,Windows 10 version 2004 eller nyere,Windows 10 Version 2004 oder neuer,Windows 10 έκδοση 2004 ή μεταγενέστερη,Windows 10 versión 2004 o posterior,Windows 10 versio 2004 tai uudempi,Windows 10 version 2004 ou ultérieure,Windows 10 גרסה 2004 ואילך,Windows 10 संस्करण 2004 या बाद के संस्करण,Windows 10 2004-es vagy újabb verzió,Windows 10 versi 2004 atau yang lebih baru,Windows 10 versione 2004 o successiva,Windows 10 バージョン 2004 以降,Windows 10 버전 2004 이상,Windows 10 versjon 2004 eller nyere,Windows 10 versie 2004 of nieuwer,Windows 10 wersja 2004 lub nowsza,Windows 10 versão 2004 ou posterior,Windows 10 versiunea 2004 sau ulterioară,Windows 10 версии 2004 или новее,Windows 10 version 2004 eller senare,Windows 10 toleo la 2004 au jinsi,Windows 10 เวอร์ชัน 2004 ขึ้นไป,Windows 10 sürüm 2004 veya sonrası,Windows 10 версія 2004 або новіша,Windows 10 phiên bản 2004 trở lên,Windows 10 版本 2004 或更高
MinimumHardwareReq2,801,Text,Windows 11,Windows 11,Windows 11,Windows 11,Windows 11,Windows 11,Windows 11,Windows 11,Windows 11,Windows 11,Windows 11,Windows 11,Windows 11,Windows 11,Windows 11,Windows 11,Windows 11,Windows 11,Windows 11,Windows 11,Windows 11,Windows 11,Windows 11,Windows 11,Windows 11,Windows 11,Windows 11,Windows 11,Windows 11,Windows 11
MinimumHardwareReq3,802,Text,x64 or ARM64 processor,x64 or ARM64 processor,معالج x64 أو ARM64,Procesor x64 nebo ARM64,x64- eller ARM64-processor,x64- oder ARM64-Prozessor,Επεξεργαστής x64 ή ARM64,Procesador x64 o ARM64,x64- tai ARM64-prosessori,Processeur x64 ou ARM64,מעבד x64 או ARM64,x64 या ARM64 प्रोसेसर,x64 vagy ARM64 processzor,Prosesor x64 atau ARM64,Processore x64 o ARM64,x64 または ARM64 プロセッサー,x64 또는 ARM64 프로세서,x64- eller ARM64-processor,x64- of ARM64-processor,Procesor x64 lub ARM64,Processador x64 ou ARM64,Procesor x64 sau ARM64,Процессор x64 или ARM64,x64- eller ARM64-processor,Kichakataji cha x64 au ARM64,โปรเซสเซอร์ x64 หรือ ARM64,x64 veya ARM64 işlemci,Процесор x64 або ARM64,Bộ xử lý x64 hoặc ARM64,x64 或 ARM64 处理器
MinimumHardwareReq4,803,Text,About 1 MB of disk space,About 1 MB of disk space,حوالي 1 ميجابايت من مساحة القرص,Asi 1 MB místa na disku,Ca. 1 MB diskplads,Ca. 1 MB Speicherplatz,Περίπου 1 MB χώρου στον δίσκο,Aprox. 1 MB de espacio en disco,Noin 1 MB levytilaa,Environ 1 Mo d'espace disque,כ- 1 מגהבייט מקום בכונן,लगभग 1 MB डिस्क स्थान,Körülbelül 1 MB lemezterület,Sekitar 1 MB ruang disk,Circa 1 MB di spazio su disco,約 1 MB のディスク容量,약 1 MB 디스크 공간,Ca. 1 MB diskplass,Ongeveer 1 MB schijfruimte,Około 1 MB miejsca na dysku,Cerca de 1 MB de espaço em disco,Aprox. 1 MB spațiu pe disc,Около 1 МБ дискового пространства,Ca 1 MB diskutrymme,Takriban MB 1 ya nafasi ya diski,ประมาณ 1 MB พื้นที่ดิสก์,Yaklaşık 1 MB disk alanı,Близько 1 МБ дискового простору,Khoảng 1 MB không gian đĩa,约 1 MB 磁盘空间
MinimumHardwareReq5,804,Text,,,,,,,,,,,,,,,,,,,,,,,,,,,,,,
MinimumHardwareReq6,805,Text,,,,,,,,,,,,,,,,,,,,,,,,,,,,,,
MinimumHardwareReq7,806,Text,,,,,,,,,,,,,,,,,,,,,,,,,,,,,,
MinimumHardwareReq8,807,Text,,,,,,,,,,,,,,,,,,,,,,,,,,,,,,
MinimumHardwareReq9,808,Text,,,,,,,,,,,,,,,,,,,,,,,,,,,,,,
MinimumHardwareReq10,809,Text,,,,,,,,,,,,,,,,,,,,,,,,,,,,,,
MinimumHardwareReq11,810,Text,,,,,,,,,,,,,,,,,,,,,,,,,,,,,,
RecommendedHardwareReq1,850,Text,At least one local folder with files in it,At least one local folder with files in it,مجلد محلي واحد على الأقل يحتوي على ملفات,Nejméně jedna místní složka se soubory,Mindst én lokal mappe med filer i,Mindestens ein lokaler Ordner mit Dateien,Τουλάχιστον έναν τοπικό φάκελο με αρχεία,Al menos una carpeta local con archivos,Vähintään yksi paikallinen kansio tiedostoilla,Au moins un dossier local avec des fichiers,תיקייה מקומית אחת לפחות עם קבצים,कम से कम एक स्थानीय फ़ोल्डर फ़ाइलों के साथ,Legalább egy helyi mappa fájlokkal,Setidaknya satu folder lokal dengan file di dalamnya,Almeno una cartella locale con file,少なくとも1つのファイル付きローカルフォルダー,파일이 있는 로컬 폴더 최소 1개,Minst én lokal mappe med filer i,Minstens één lokale map met bestanden,Co najmniej jeden folder lokalny z plikami,Pelo menos uma pasta local com arquivos,Cel puțin un folder local cu fișiere,Хотя бы одна локальная папка с файлами,Minst en lokal mapp med filer i,Angalau folda moja ya karibu yenye faili,โฟลเดอร์ในเครื่องอย่างน้อยหนึ่งโฟลเดอร์ที่มีไฟล์,İçinde dosyalar olan en az bir yerel klasör,Принаймні одна локальна папка з файлами,Ít nhất một thư mục cục bộ có tập tin,至少一个包含文件的本地文件夹
RecommendedHardwareReq2,851,Text,Windows taskbar visible for normal use,Windows taskbar visible for normal use,شريط مهام Windows مرئي للاستخدام العادي,Panel úloh Windows viditelný pro běžné používání,Windows-proceslinje synlig til normal brug,Windows-Taskleiste sichtbar für normale Nutzung,Γραμμή εργασιών Windows ορατή για κανονική χρήση,Barra de tareas de Windows visible para uso normal,Windowsin tehtäväpalkki näkyvissä normaalikäyttöön,Barre des tâches Windows visible pour un usage normal,שורת המשימות של Windows גלויה לשימוש רגיל,सामान्य उपयोग के लिए Windows टास्कबार दृश्यमान,Windows feladatsáv látható a normális használathoz,Taskbar Windows terlihat untuk penggunaan normal,Barra delle applicazioni di Windows visibile per uso normale,通常使用に向けた Windows タスクバーの表示,일반 사용을 위한 Windows 작업 표시줄 표시,Windows-oppgavelinje synlig for normal bruk,Windows-taakbalk zichtbaar voor normaal gebruik,Pasek zadań Windows widoczny do normalnego użytku,Barra de tarefas do Windows visível para uso normal,Bara de activități Windows vizibilă pentru uz normal,Панель задач Windows видна для обычного использования,Windows-aktivitetsfält synligt för normal användning,Ubao wa kazi wa Windows unaoonekana kwa matumizi ya kawaida,แถบงาน Windows มองเห็นได้สำหรับการใช้งานปกติ,Normal kullanım için Windows görev çubuğu görünür,Панель завдань Windows видима для звичайного використання,Thanh tác vụ Windows hiển thị để sử dụng bình thường,正常使用的 Windows 任务栏可见
RecommendedHardwareReq3,852,Text,,,,,,,,,,,,,,,,,,,,,,,,,,,,,,
RecommendedHardwareReq4,853,Text,,,,,,,,,,,,,,,,,,,,,,,,,,,,,,
RecommendedHardwareReq5,854,Text,,,,,,,,,,,,,,,,,,,,,,,,,,,,,,
RecommendedHardwareReq6,855,Text,,,,,,,,,,,,,,,,,,,,,,,,,,,,,,
RecommendedHardwareReq7,856,Text,,,,,,,,,,,,,,,,,,,,,,,,,,,,,,
RecommendedHardwareReq8,857,Text,,,,,,,,,,,,,,,,,,,,,,,,,,,,,,
RecommendedHardwareReq9,858,Text,,,,,,,,,,,,,,,,,,,,,,,,,,,,,,
RecommendedHardwareReq10,859,Text,,,,,,,,,,,,,,,,,,,,,,,,,,,,,,
RecommendedHardwareReq11,860,Text,,,,,,,,,,,,,,,,,,,,,,,,,,,,,,
SearchTerm1,900,Text,FanFolder,FanFolder,FanFolder,FanFolder,FanFolder,FanFolder,FanFolder,FanFolder,FanFolder,FanFolder,FanFolder,FanFolder,FanFolder,FanFolder,FanFolder,FanFolder,FanFolder,FanFolder,FanFolder,FanFolder,FanFolder,FanFolder,FanFolder,FanFolder,FanFolder,FanFolder,FanFolder,FanFolder,FanFolder,FanFolder
SearchTerm2,901,Text,Windows taskbar,Windows taskbar,شريط مهام Windows,panel úloh Windows,Windows-proceslinje,Windows-Taskleiste,γραμμή εργασιών Windows,barra de tareas de Windows,Windowsin tehtäväpalkki,barre des tâches Windows,שורת המשימות של Windows,Windows टास्कबार,Windows feladatsáv,taskbar Windows,barra delle applicazioni di Windows,Windows タスクバー,Windows 작업 표시줄,Windows-oppgavelinje,Windows-taakbalk,pasek zadań Windows,barra de tarefas do Windows,bara de activități Windows,панель задач Windows,Windows-aktivitetsfält,ubao wa kazi wa Windows,แถบงาน Windows,Windows görev çubuğu,панель завдань Windows,thanh tác vụ Windows,Windows 任务栏
SearchTerm3,902,Text,recent files,recent files,أحدث الملفات,nedávné soubory,seneste filer,zuletzt verwendete Dateien,πρόσφατα αρχεία,archivos recientes,viimeisimmät tiedostot,fichiers récents,קבצים אחרונים,हाल की फ़ाइलें,legutóbbi fájlok,file terbaru,file recenti,最近使ったファイル,최근 파일,siste filer,recente bestanden,ostatnie pliki,arquivos recentes,fișiere recente,недавние файлы,senaste filer,faili za hivi karibuni,ไฟล์ล่าสุด,en son dosyalar,нещодавні файли,tập tin gần đây,最近文件
SearchTerm4,903,Text,file launcher,file launcher,مشغل الملفات,spouštěč souborů,fillancer,Datei-Starter,εκκινητής αρχείων,lanzador de archivos,tiedoston käynnistin,lanceur de fichiers,משגר קבצים,फ़ाइल लॉन्चर,fájl-indító,peluncur file,avvio file,ファイルランチャー,파일 실행기,fillaster,bestandsstarter,uruchamiacz plików,iniciador de arquivos,lansator de fișiere,запускатель файлов,fillinstallerare,kizindua faili,ตัวเปิดไฟล์,dosya başlatıcı,запускач файлів,khởi động tập tin,文件启动器
SearchTerm5,904,Text,folder launcher,folder launcher,مشغل المجلدات,spouštěč složek,mappe-lancer,Ordner-Starter,εκκινητής φακέλων,lanzador de carpetas,kansion käynnistin,lanceur de dossiers,משגר תיקיות,फ़ोल्डर लॉन्चर,mappa-indító,peluncur folder,avvio cartelle,フォルダーランチャー,폴더 실행기,mappe-laster,mapstarter,uruchamiacz folderów,iniciador de pastas,lansator de foldere,запускатель папок,mappinstallerare,kizindua folda,ตัวเปิดโฟลเดอร์,klasör başlatıcı,запускач папок,khởi động thư mục,文件夹启动器
SearchTerm6,905,Text,productivity tool,productivity tool,أداة إنتاجية,produktivní nástroj,produktivitetsværktøj,Produktivitätswerkzeug,εργαλείο παραγωγικότητας,herramienta de productividad,tuottavuustyökalu,outil de productivité,כלי פרודוקטיביות,उत्पादकता उपकरण,produktivitási eszköz,alat produktivitas,strumento di produttività,生産性ツール,생산성 도구,produktivitetsverktøy,productiviteitshulpmiddel,narzędzie produktywności,ferramenta de produtividade,instrument de productivitate,инструмент продуктивности,produktivitetsverktyg,zana ya uzalishaji,เครื่องมือเพิ่มผลผลิต,verimlilik aracı,інструмент продуктивності,công cụ năng suất,生产力工具
SearchTerm7,906,Text,taskbar utility,taskbar utility,أداة شريط المهام,nástroj panelu úloh,proceslinje-værktøj,Taskleisten-Dienstprogramm,εργαλείο γραμμής εργασιών,utilidad de barra de tareas,tehtäväpalkin apuohjelma,utilitaire de barre des tâches,כלי שורת משימות,टास्कबार उपयोगिता,feladatsáv eszköz,utilitas taskbar,utilità della barra delle applicazioni,タスクバーユーティリティ,작업 표시줄 유틸리티,oppgavelinjeverktøy,taakbalkhulpmiddel,narzędzie paska zadań,utilitário de barra de tarefas,utilitar bara de activități,утилита панели задач,aktivitetsfältsverktyg,zana ya ubao wa kazi,ยูทิลิตี้แถบงาน,görev çubuğu aracı,утиліта панелі завдань,tiện ích thanh tác vụ,任务栏工具
TrailerToPlayAtTopOfListing,999,Relative path (or URL to file in Partner Center),,,,,,,,,,,,,,,,,,,,,,,,,,,,,,
Trailer1,1000,Relative path (or URL to file in Partner Center),,,,,,,,,,,,,,,,,,,,,,,,,,,,,,
Trailer2,1001,Relative path (or URL to file in Partner Center),,,,,,,,,,,,,,,,,,,,,,,,,,,,,,
Trailer3,1002,Relative path (or URL to file in Partner Center),,,,,,,,,,,,,,,,,,,,,,,,,,,,,,
Trailer4,1003,Relative path (or URL to file in Partner Center),,,,,,,,,,,,,,,,,,,,,,,,,,,,,,
Trailer5,1004,Relative path (or URL to file in Partner Center),,,,,,,,,,,,,,,,,,,,,,,,,,,,,,
Trailer6,1005,Relative path (or URL to file in Partner Center),,,,,,,,,,,,,,,,,,,,,,,,,,,,,,
Trailer7,1006,Relative path (or URL to file in Partner Center),,,,,,,,,,,,,,,,,,,,,,,,,,,,,,
Trailer8,1007,Relative path (or URL to file in Partner Center),,,,,,,,,,,,,,,,,,,,,,,,,,,,,,
Trailer9,1008,Relative path (or URL to file in Partner Center),,,,,,,,,,,,,,,,,,,,,,,,,,,,,,
Trailer10,1009,Relative path (or URL to file in Partner Center),,,,,,,,,,,,,,,,,,,,,,,,,,,,,,
Trailer11,1010,Relative path (or URL to file in Partner Center),,,,,,,,,,,,,,,,,,,,,,,,,,,,,,
Trailer12,1011,Relative path (or URL to file in Partner Center),,,,,,,,,,,,,,,,,,,,,,,,,,,,,,
Trailer13,1012,Relative path (or URL to file in Partner Center),,,,,,,,,,,,,,,,,,,,,,,,,,,,,,
Trailer14,1013,Relative path (or URL to file in Partner Center),,,,,,,,,,,,,,,,,,,,,,,,,,,,,,
Trailer15,1014,Relative path (or URL to file in Partner Center),,,,,,,,,,,,,,,,,,,,,,,,,,,,,,
TrailerTitle1,1020,Text,,,,,,,,,,,,,,,,,,,,,,,,,,,,,,
TrailerTitle2,1021,Text,,,,,,,,,,,,,,,,,,,,,,,,,,,,,,
TrailerTitle3,1022,Text,,,,,,,,,,,,,,,,,,,,,,,,,,,,,,
TrailerTitle4,1023,Text,,,,,,,,,,,,,,,,,,,,,,,,,,,,,,
TrailerTitle5,1024,Text,,,,,,,,,,,,,,,,,,,,,,,,,,,,,,
TrailerTitle6,1025,Text,,,,,,,,,,,,,,,,,,,,,,,,,,,,,,
TrailerTitle7,1026,Text,,,,,,,,,,,,,,,,,,,,,,,,,,,,,,
TrailerTitle8,1027,Text,,,,,,,,,,,,,,,,,,,,,,,,,,,,,,
TrailerTitle9,1028,Text,,,,,,,,,,,,,,,,,,,,,,,,,,,,,,
TrailerTitle10,1029,Text,,,,,,,,,,,,,,,,,,,,,,,,,,,,,,
TrailerTitle11,1030,Text,,,,,,,,,,,,,,,,,,,,,,,,,,,,,,
TrailerTitle12,1031,Text,,,,,,,,,,,,,,,,,,,,,,,,,,,,,,
TrailerTitle13,1032,Text,,,,,,,,,,,,,,,,,,,,,,,,,,,,,,
TrailerTitle14,1033,Text,,,,,,,,,,,,,,,,,,,,,,,,,,,,,,
TrailerTitle15,1034,Text,,,,,,,,,,,,,,,,,,,,,,,,,,,,,,
TrailerThumbnail1,1040,Relative path (or URL to file in Partner Center),,,,,,,,,,,,,,,,,,,,,,,,,,,,,,
TrailerThumbnail2,1041,Relative path (or URL to file in Partner Center),,,,,,,,,,,,,,,,,,,,,,,,,,,,,,
TrailerThumbnail3,1042,Relative path (or URL to file in Partner Center),,,,,,,,,,,,,,,,,,,,,,,,,,,,,,
TrailerThumbnail4,1043,Relative path (or URL to file in Partner Center),,,,,,,,,,,,,,,,,,,,,,,,,,,,,,
TrailerThumbnail5,1044,Relative path (or URL to file in Partner Center),,,,,,,,,,,,,,,,,,,,,,,,,,,,,,
TrailerThumbnail6,1045,Relative path (or URL to file in Partner Center),,,,,,,,,,,,,,,,,,,,,,,,,,,,,,
TrailerThumbnail7,1046,Relative path (or URL to file in Partner Center),,,,,,,,,,,,,,,,,,,,,,,,,,,,,,
TrailerThumbnail8,1047,Relative path (or URL to file in Partner Center),,,,,,,,,,,,,,,,,,,,,,,,,,,,,,
TrailerThumbnail9,1048,Relative path (or URL to file in Partner Center),,,,,,,,,,,,,,,,,,,,,,,,,,,,,,
TrailerThumbnail10,1049,Relative path (or URL to file in Partner Center),,,,,,,,,,,,,,,,,,,,,,,,,,,,,,
TrailerThumbnail11,1050,Relative path (or URL to file in Partner Center),,,,,,,,,,,,,,,,,,,,,,,,,,,,,,
TrailerThumbnail12,1051,Relative path (or URL to file in Partner Center),,,,,,,,,,,,,,,,,,,,,,,,,,,,,,
TrailerThumbnail13,1052,Relative path (or URL to file in Partner Center),,,,,,,,,,,,,,,,,,,,,,,,,,,,,,
TrailerThumbnail14,1053,Relative path (or URL to file in Partner Center),,,,,,,,,,,,,,,,,,,,,,,,,,,,,,
TrailerThumbnail15,1054,Relative path (or URL to file in Partner Center),,,,,,,,,,,,,,,,,,,,,,,,,,,,,,
TrailerClosedCaption1,1055,Relative path (or URL to file in Partner Center),,,,,,,,,,,,,,,,,,,,,,,,,,,,,,
TrailerClosedCaption2,1056,Relative path (or URL to file in Partner Center),,,,,,,,,,,,,,,,,,,,,,,,,,,,,,
TrailerClosedCaption3,1057,Relative path (or URL to file in Partner Center),,,,,,,,,,,,,,,,,,,,,,,,,,,,,,
TrailerClosedCaption4,1058,Relative path (or URL to file in Partner Center),,,,,,,,,,,,,,,,,,,,,,,,,,,,,,
TrailerClosedCaption5,1059,Relative path (or URL to file in Partner Center),,,,,,,,,,,,,,,,,,,,,,,,,,,,,,
TrailerClosedCaption6,1060,Relative path (or URL to file in Partner Center),,,,,,,,,,,,,,,,,,,,,,,,,,,,,,
TrailerClosedCaption7,1061,Relative path (or URL to file in Partner Center),,,,,,,,,,,,,,,,,,,,,,,,,,,,,,
TrailerClosedCaption8,1062,Relative path (or URL to file in Partner Center),,,,,,,,,,,,,,,,,,,,,,,,,,,,,,
TrailerClosedCaption9,1063,Relative path (or URL to file in Partner Center),,,,,,,,,,,,,,,,,,,,,,,,,,,,,,
TrailerClosedCaption10,1064,Relative path (or URL to file in Partner Center),,,,,,,,,,,,,,,,,,,,,,,,,,,,,,
TrailerClosedCaption11,1065,Relative path (or URL to file in Partner Center),,,,,,,,,,,,,,,,,,,,,,,,,,,,,,
TrailerClosedCaption12,1066,Relative path (or URL to file in Partner Center),,,,,,,,,,,,,,,,,,,,,,,,,,,,,,
TrailerClosedCaption13,1067,Relative path (or URL to file in Partner Center),,,,,,,,,,,,,,,,,,,,,,,,,,,,,,
TrailerClosedCaption14,1068,Relative path (or URL to file in Partner Center),,,,,,,,,,,,,,,,,,,,,,,,,,,,,,
TrailerClosedCaption15,1069,Relative path (or URL to file in Partner Center),,,,,,,,,,,,,,,,,,,,,,,,,,,,,,
TrailerAudioDescription1,1070,Relative path (or URL to file in Partner Center),,,,,,,,,,,,,,,,,,,,,,,,,,,,,,
TrailerAudioDescription2,1071,Relative path (or URL to file in Partner Center),,,,,,,,,,,,,,,,,,,,,,,,,,,,,,
TrailerAudioDescription3,1072,Relative path (or URL to file in Partner Center),,,,,,,,,,,,,,,,,,,,,,,,,,,,,,
TrailerAudioDescription4,1073,Relative path (or URL to file in Partner Center),,,,,,,,,,,,,,,,,,,,,,,,,,,,,,
TrailerAudioDescription5,1074,Relative path (or URL to file in Partner Center),,,,,,,,,,,,,,,,,,,,,,,,,,,,,,
TrailerAudioDescription6,1075,Relative path (or URL to file in Partner Center),,,,,,,,,,,,,,,,,,,,,,,,,,,,,,
TrailerAudioDescription7,1076,Relative path (or URL to file in Partner Center),,,,,,,,,,,,,,,,,,,,,,,,,,,,,,
TrailerAudioDescription8,1077,Relative path (or URL to file in Partner Center),,,,,,,,,,,,,,,,,,,,,,,,,,,,,,
TrailerAudioDescription9,1078,Relative path (or URL to file in Partner Center),,,,,,,,,,,,,,,,,,,,,,,,,,,,,,
TrailerAudioDescription10,1079,Relative path (or URL to file in Partner Center),,,,,,,,,,,,,,,,,,,,,,,,,,,,,,
TrailerAudioDescription11,1080,Relative path (or URL to file in Partner Center),,,,,,,,,,,,,,,,,,,,,,,,,,,,,,
TrailerAudioDescription12,1081,Relative path (or URL to file in Partner Center),,,,,,,,,,,,,,,,,,,,,,,,,,,,,,
TrailerAudioDescription13,1082,Relative path (or URL to file in Partner Center),,,,,,,,,,,,,,,,,,,,,,,,,,,,,,
TrailerAudioDescription14,1083,Relative path (or URL to file in Partner Center),,,,,,,,,,,,,,,,,,,,,,,,,,,,,,
TrailerAudioDescription15,1084,Relative path (or URL to file in Partner Center),,,,,,,,,,,,,,,,,,,,,,,,,,,,,,
,,,,,,,,,,,,,,,,,,,,,,,,,,,,,,,,
,,,,,,,,,,,,,,,,,,,,,,,,,,,,,,,,
,,,,,,,,,,,,,,,,,,,,,,,,,,,,,,,,
,,,,,,,,,,,,,,,,,,,,,,,,,,,,,,,,
,,,,,,,,,,,,,,,,,,,,,,,,,,,,,,,,
,,,,,,,,,,,,,,,,,,,,,,,,,,,,,,,,
,,,,,,,,,,,,,,,,,,,,,,,,,,,,,,,,
,,,,,,,,,,,,,,,,,,,,,,,,,,,,,,,,
,,,,,,,,,,,,,,,,,,,,,,,,,,,,,,,,
,,,,,,,,,,,,,,,,,,,,,,,,,,,,,,,,
,,,,,,,,,,,,,,,,,,,,,,,,,,,,,,,,
,,,,,,,,,,,,,,,,,,,,,,,,,,,,,,,,
,,,,,,,,,,,,,,,,,,,,,,,,,,,,,,,,
,,,,,,,,,,,,,,,,,,,,,,,,,,,,,,,,
,,,,,,,,,,,,,,,,,,,,,,,,,,,,,,,,
,,,,,,,,,,,,,,,,,,,,,,,,,,,,,,,,
,,,,,,,,,,,,,,,,,,,,,,,,,,,,,,,,
,,,,,,,,,,,,,,,,,,,,,,,,,,,,,,,,
,,,,,,,,,,,,,,,,,,,,,,,,,,,,,,,,
,,,,,,,,,,,,,,,,,,,,,,,,,,,,,,,,
,,,,,,,,,,,,,,,,,,,,,,,,,,,,,,,,
,,,,,,,,,,,,,,,,,,,,,,,,,,,,,,,,
,,,,,,,,,,,,,,,,,,,,,,,,,,,,,,,,
,,,,,,,,,,,,,,,,,,,,,,,,,,,,,,,,
